CA,AB,Alberta
CA,BC,British Columbia
CA,MB,Manitoba
CA,NB,New Brunswick
CA,NL,Newfoundland
CA,NS,Nova Scotia
CA,NU,Nunavut
CA,ON,Ontario
CA,PE,Prince Edward Island
CA,QC,Quebec
CA,SK,Saskatchewan
CA,NT,Northwest Territories
CA,YT,Yukon Territory
US,AA,Armed Forces Americas
US,AE,Armed Forces Europe/Middle East/Canada
US,AK,Alaska
US,AL,Alabama
US,AP,Armed Forces Pacific
US,AR,Arkansas
US,AS,American Samoa
US,AZ,Arizona
US,CA,California
US,CO,Colorado
US,CT,Connecticut
US,DC,District of Columbia
US,DE,Delaware
US,FL,Florida
US,FM,Federated States of Micronesia
US,GA,Georgia
US,GU,Guam
US,HI,Hawaii
US,IA,Iowa
US,ID,Idaho
US,IL,Illinois
US,IN,Indiana
US,KS,Kansas
US,KY,Kentucky
US,LA,Louisiana
US,MA,Massachusetts
US,MD,Maryland
US,ME,Maine
US,MH,Marshall Islands
US,MI,Michigan
US,MN,Minnesota
US,MO,Missouri
US,MP,Northern Mariana Islands
US,MS,Mississippi
US,MT,Montana
US,NC,North Carolina
US,ND,North Dakota
US,NE,Nebraska
US,NH,New Hampshire
US,NJ,New Jersey
US,NM,New Mexico
US,NV,Nevada
US,NY,New York
US,OH,Ohio
US,OK,Oklahoma
US,OR,Oregon
US,PA,Pennsylvania
US,PR,Puerto Rico
US,PW,Palau
US,RI,Rhode Island
US,SC,South Carolina
US,SD,South Dakota
US,TN,Tennessee
US,TX,Texas
US,UT,Utah
US,VA,Virginia
US,VI,Virgin Islands
US,VT,Vermont
US,WA,Washington
US,WV,West Virginia
US,WI,Wisconsin
US,WY,Wyoming
AD,2,Canillo
AD,3,Encamp
AD,4,La Massana
AD,5,Ordino
AD,6,Sant Julia de Loria
AD,7,Andorra la Vella
AD,8,Escaldes-Engordany
AE,1,Abu Dhabi
AE,2,Ajman
AE,3,Dubai
AE,4,Fujairah
AE,5,Ras Al Khaimah
AE,6,Sharjah
AE,7,Umm Al Quwain
AF,1,Badakhshan
AF,2,Badghis
AF,3,Baghlan
AF,5,Bamian
AF,6,Farah
AF,7,Faryab
AF,8,Ghazni
AF,9,Ghowr
AF,10,Helmand
AF,11,Herat
AF,13,Kabol
AF,14,Kapisa
AF,17,Lowgar
AF,18,Nangarhar
AF,19,Nimruz
AF,23,Kandahar
AF,24,Kondoz
AF,26,Takhar
AF,27,Vardak
AF,28,Zabol
AF,29,Paktika
AF,30,Balkh
AF,31,Jowzjan
AF,32,Samangan
AF,33,Sar-e Pol
AF,34,Konar
AF,35,Laghman
AF,36,Paktia
AF,37,Khowst
AF,38,Nurestan
AF,39,Oruzgan
AF,40,Parvan
AF,41,Daykondi
AF,42,Panjshir
AG,1,Barbuda
AG,3,Saint George
AG,4,Saint John
AG,5,Saint Mary
AG,6,Saint Paul
AG,7,Saint Peter
AG,8,Saint Philip
AG,9,Redonda
AL,40,Berat
AL,41,Diber
AL,42,Durres
AL,43,Elbasan
AL,44,Fier
AL,45,Gjirokaster
AL,46,Korce
AL,47,Kukes
AL,48,Lezhe
AL,49,Shkoder
AL,50,Tirane
AL,51,Vlore
AM,1,Aragatsotn
AM,2,Ararat
AM,3,Armavir
AM,4,Geghark'unik'
AM,5,Kotayk'
AM,6,Lorri
AM,7,Shirak
AM,8,Syunik'
AM,9,Tavush
AM,10,Vayots' Dzor
AM,11,Yerevan
AO,1,Benguela
AO,2,Bie
AO,3,Cabinda
AO,4,Cuando Cubango
AO,5,Cuanza Norte
AO,6,Cuanza Sul
AO,7,Cunene
AO,8,Huambo
AO,9,Huila
AO,12,Malanje
AO,13,Namibe
AO,14,Moxico
AO,15,Uige
AO,16,Zaire
AO,17,Lunda Norte
AO,18,Lunda Sul
AO,19,Bengo
AO,20,Luanda
AR,1,Buenos Aires
AR,2,Catamarca
AR,3,Chaco
AR,4,Chubut
AR,5,Cordoba
AR,6,Corrientes
AR,7,Distrito Federal
AR,8,Entre Rios
AR,9,Formosa
AR,10,Jujuy
AR,11,La Pampa
AR,12,La Rioja
AR,13,Mendoza
AR,14,Misiones
AR,15,Neuquen
AR,16,Rio Negro
AR,17,Salta
AR,18,San Juan
AR,19,San Luis
AR,20,Santa Cruz
AR,21,Santa Fe
AR,22,Santiago del Estero
AR,23,Tierra del Fuego
AR,24,Tucuman
AT,1,Burgenland
AT,2,Karnten
AT,3,Niederosterreich
AT,4,Oberosterreich
AT,5,Salzburg
AT,6,Steiermark
AT,7,Tirol
AT,8,Vorarlberg
AT,9,Wien
AU,1,Australian Capital Territory
AU,2,New South Wales
AU,3,Northern Territory
AU,4,Queensland
AU,5,South Australia
AU,6,Tasmania
AU,7,Victoria
AU,8,Western Australia
AZ,1,Abseron
AZ,2,Agcabadi
AZ,3,Agdam
AZ,4,Agdas
AZ,5,Agstafa
AZ,6,Agsu
AZ,7,Ali Bayramli
AZ,8,Astara
AZ,9,Baki
AZ,10,Balakan
AZ,11,Barda
AZ,12,Beylaqan
AZ,13,Bilasuvar
AZ,14,Cabrayil
AZ,15,Calilabad
AZ,16,Daskasan
AZ,17,Davaci
AZ,18,Fuzuli
AZ,19,Gadabay
AZ,20,Ganca
AZ,21,Goranboy
AZ,22,Goycay
AZ,23,Haciqabul
AZ,24,Imisli
AZ,25,Ismayilli
AZ,26,Kalbacar
AZ,27,Kurdamir
AZ,28,Lacin
AZ,29,Lankaran
AZ,30,Lankaran
AZ,31,Lerik
AZ,32,Masalli
AZ,33,Mingacevir
AZ,34,Naftalan
AZ,35,Naxcivan
AZ,36,Neftcala
AZ,37,Oguz
AZ,38,Qabala
AZ,39,Qax
AZ,40,Qazax
AZ,41,Qobustan
AZ,42,Quba
AZ,43,Qubadli
AZ,44,Qusar
AZ,45,Saatli
AZ,46,Sabirabad
AZ,47,Saki
AZ,48,Saki
AZ,49,Salyan
AZ,50,Samaxi
AZ,51,Samkir
AZ,52,Samux
AZ,53,Siyazan
AZ,54,Sumqayit
AZ,55,Susa
AZ,56,Susa
AZ,57,Tartar
AZ,58,Tovuz
AZ,59,Ucar
AZ,60,Xacmaz
AZ,61,Xankandi
AZ,62,Xanlar
AZ,63,Xizi
AZ,64,Xocali
AZ,65,Xocavand
AZ,66,Yardimli
AZ,67,Yevlax
AZ,68,Yevlax
AZ,69,Zangilan
AZ,70,Zaqatala
AZ,71,Zardab
BA,1,Federation of Bosnia and Herzegovina
BA,2,Republika Srpska
BB,1,Christ Church
BB,2,Saint Andrew
BB,3,Saint George
BB,4,Saint James
BB,5,Saint John
BB,6,Saint Joseph
BB,7,Saint Lucy
BB,8,Saint Michael
BB,9,Saint Peter
BB,10,Saint Philip
BB,11,Saint Thomas
BD,81,Dhaka
BD,82,Khulna
BD,83,Rajshahi
BD,84,Chittagong
BD,85,Barisal
BD,86,Sylhet
BE,1,Antwerpen
BE,3,Hainaut
BE,4,Liege
BE,5,Limburg
BE,6,Luxembourg
BE,7,Namur
BE,8,Oost-Vlaanderen
BE,9,West-Vlaanderen
BE,10,Brabant Wallon
BE,11,Brussels Hoofdstedelijk Gewest
BE,12,Vlaams-Brabant
BF,15,Bam
BF,19,Boulkiemde
BF,20,Ganzourgou
BF,21,Gnagna
BF,28,Kouritenga
BF,33,Oudalan
BF,34,Passore
BF,36,Sanguie
BF,40,Soum
BF,42,Tapoa
BF,44,Zoundweogo
BF,45,Bale
BF,46,Banwa
BF,47,Bazega
BF,48,Bougouriba
BF,49,Boulgou
BF,50,Gourma
BF,51,Houet
BF,52,Ioba
BF,53,Kadiogo
BF,54,Kenedougou
BF,55,Komoe
BF,56,Komondjari
BF,57,Kompienga
BF,58,Kossi
BF,59,Koulpelogo
BF,60,Kourweogo
BF,61,Leraba
BF,62,Loroum
BF,63,Mouhoun
BF,64,Namentenga
BF,65,Naouri
BF,66,Nayala
BF,67,Noumbiel
BF,68,Oubritenga
BF,69,Poni
BF,70,Sanmatenga
BF,71,Seno
BF,72,Sissili
BF,73,Sourou
BF,74,Tuy
BF,75,Yagha
BF,76,Yatenga
BF,77,Ziro
BF,78,Zondoma
BG,33,Mikhaylovgrad
BG,38,Blagoevgrad
BG,39,Burgas
BG,40,Dobrich
BG,41,Gabrovo
BG,42,Grad Sofiya
BG,43,Khaskovo
BG,44,Kurdzhali
BG,45,Kyustendil
BG,46,Lovech
BG,47,Montana
BG,48,Pazardzhik
BG,49,Pernik
BG,50,Pleven
BG,51,Plovdiv
BG,52,Razgrad
BG,53,Ruse
BG,54,Shumen
BG,55,Silistra
BG,56,Sliven
BG,57,Smolyan
BG,58,Sofiya
BG,59,Stara Zagora
BG,60,Turgovishte
BG,61,Varna
BG,62,Veliko Turnovo
BG,63,Vidin
BG,64,Vratsa
BG,65,Yambol
BH,1,Al Hadd
BH,2,Al Manamah
BH,5,Jidd Hafs
BH,6,Sitrah
BH,8,Al Mintaqah al Gharbiyah
BH,9,Mintaqat Juzur Hawar
BH,10,Al Mintaqah ash Shamaliyah
BH,11,Al Mintaqah al Wusta
BH,12,Madinat
BH,13,Ar Rifa
BH,14,Madinat Hamad
BH,15,Al Muharraq
BH,16,Al Asimah
BH,17,Al Janubiyah
BH,18,Ash Shamaliyah
BH,19,Al Wusta
BI,2,Bujumbura
BI,9,Bubanza
BI,10,Bururi
BI,11,Cankuzo
BI,12,Cibitoke
BI,13,Gitega
BI,14,Karuzi
BI,15,Kayanza
BI,16,Kirundo
BI,17,Makamba
BI,18,Muyinga
BI,19,Ngozi
BI,20,Rutana
BI,21,Ruyigi
BI,22,Muramvya
BI,23,Mwaro
BJ,7,Alibori
BJ,8,Atakora
BJ,9,Atlanyique
BJ,10,Borgou
BJ,11,Collines
BJ,12,Kouffo
BJ,13,Donga
BJ,14,Littoral
BJ,15,Mono
BJ,16,Oueme
BJ,17,Plateau
BJ,18,Zou
BM,1,Devonshire
BM,2,Hamilton
BM,3,Hamilton
BM,4,Paget
BM,5,Pembroke
BM,6,Saint George
BM,7,Saint George's
BM,8,Sandys
BM,9,Smiths
BM,10,Southampton
BM,11,Warwick
BN,7,Alibori
BN,8,Belait
BN,9,Brunei and Muara
BN,10,Temburong
BN,11,Collines
BN,12,Kouffo
BN,13,Donga
BN,14,Littoral
BN,15,Tutong
BN,16,Oueme
BN,17,Plateau
BN,18,Zou
BO,1,Chuquisaca
BO,2,Cochabamba
BO,3,El Beni
BO,4,La Paz
BO,5,Oruro
BO,6,Pando
BO,7,Potosi
BO,8,Santa Cruz
BO,9,Tarija
BR,1,Acre
BR,2,Alagoas
BR,3,Amapa
BR,4,Amazonas
BR,5,Bahia
BR,6,Ceara
BR,7,Distrito Federal
BR,8,Espirito Santo
BR,11,Mato Grosso do Sul
BR,13,Maranhao
BR,14,Mato Grosso
BR,15,Minas Gerais
BR,16,Para
BR,17,Paraiba
BR,18,Parana
BR,20,Piaui
BR,21,Rio de Janeiro
BR,22,Rio Grande do Norte
BR,23,Rio Grande do Sul
BR,24,Rondonia
BR,25,Roraima
BR,26,Santa Catarina
BR,27,Sao Paulo
BR,28,Sergipe
BR,29,Goias
BR,30,Pernambuco
BR,31,Tocantins
BS,5,Bimini
BS,6,Cat Island
BS,10,Exuma
BS,13,Inagua
BS,15,Long Island
BS,16,Mayaguana
BS,18,Ragged Island
BS,22,Harbour Island
BS,23,New Providence
BS,24,Acklins and Crooked Islands
BS,25,Freeport
BS,26,Fresh Creek
BS,27,Governor's Harbour
BS,28,Green Turtle Cay
BS,29,High Rock
BS,30,Kemps Bay
BS,31,Marsh Harbour
BS,32,Nichollstown and Berry Islands
BS,33,Rock Sound
BS,34,Sandy Point
BS,35,San Salvador and Rum Cay
BT,5,Bumthang
BT,6,Chhukha
BT,7,Chirang
BT,8,Daga
BT,9,Geylegphug
BT,10,Ha
BT,11,Lhuntshi
BT,12,Mongar
BT,13,Paro
BT,14,Pemagatsel
BT,15,Punakha
BT,16,Samchi
BT,17,Samdrup
BT,18,Shemgang
BT,19,Tashigang
BT,20,Thimphu
BT,21,Tongsa
BT,22,Wangdi Phodrang
BW,1,Central
BW,3,Ghanzi
BW,4,Kgalagadi
BW,5,Kgatleng
BW,6,Kweneng
BW,8,North-East
BW,9,South-East
BW,10,Southern
BW,11,North-West
BY,1,Brestskaya Voblasts'
BY,2,Homyel'skaya Voblasts'
BY,3,Hrodzyenskaya Voblasts'
BY,4,Minsk
BY,5,Minskaya Voblasts'
BY,6,Mahilyowskaya Voblasts'
BY,7,Vitsyebskaya Voblasts'
BZ,1,Belize
BZ,2,Cayo
BZ,3,Corozal
BZ,4,Orange Walk
BZ,5,Stann Creek
BZ,6,Toledo
CA,1,Alberta
CA,2,British Columbia
CA,3,Manitoba
CA,4,New Brunswick
CA,5,Newfoundland and Labrador
CA,7,Nova Scotia
CA,8,Ontario
CA,9,Prince Edward Island
CA,10,Quebec
CA,11,Saskatchewan
CA,12,Yukon Territory
CA,13,Northwest Territories
CA,14,Nunavut
CD,1,Bandundu
CD,2,Equateur
CD,4,Kasai-Oriental
CD,5,Katanga
CD,6,Kinshasa
CD,8,Bas-Congo
CD,9,Orientale
CD,10,Maniema
CD,11,Nord-Kivu
CD,12,Sud-Kivu
CF,1,Bamingui-Bangoran
CF,2,Basse-Kotto
CF,3,Haute-Kotto
CF,4,Mambere-Kadei
CF,5,Haut-Mbomou
CF,6,Kemo
CF,7,Lobaye
CF,8,Mbomou
CF,9,Nana-Mambere
CF,11,Ouaka
CF,12,Ouham
CF,13,Ouham-Pende
CF,14,Cuvette-Ouest
CF,15,Nana-Grebizi
CF,16,Sangha-Mbaere
CF,17,Ombella-Mpoko
CF,18,Bangui
CG,1,Bouenza
CG,4,Kouilou
CG,5,Lekoumou
CG,6,Likouala
CG,7,Niari
CG,8,Plateaux
CG,10,Sangha
CG,11,Pool
CG,12,Brazzaville
CG,13,Cuvette
CG,14,Cuvette-Ouest
CH,1,Aargau
CH,2,Ausser-Rhoden
CH,3,Basel-Landschaft
CH,4,Basel-Stadt
CH,5,Bern
CH,6,Fribourg
CH,7,Geneve
CH,8,Glarus
CH,9,Graubunden
CH,10,Inner-Rhoden
CH,11,Luzern
CH,12,Neuchatel
CH,13,Nidwalden
CH,14,Obwalden
CH,15,Sankt Gallen
CH,16,Schaffhausen
CH,17,Schwyz
CH,18,Solothurn
CH,19,Thurgau
CH,20,Ticino
CH,21,Uri
CH,22,Valais
CH,23,Vaud
CH,24,Zug
CH,25,Zurich
CH,26,Jura
CI,74,Agneby
CI,75,Bafing
CI,76,Bas-Sassandra
CI,77,Denguele
CI,78,Dix-Huit Montagnes
CI,79,Fromager
CI,80,Haut-Sassandra
CI,81,Lacs
CI,82,Lagunes
CI,83,Marahoue
CI,84,Moyen-Cavally
CI,85,Moyen-Comoe
CI,86,N'zi-Comoe
CI,87,Savanes
CI,88,Sud-Bandama
CI,89,Sud-Comoe
CI,90,Vallee du Bandama
CI,91,Worodougou
CI,92,Zanzan
CL,1,Valparaiso
CL,2,Aisen del General Carlos Ibanez del Campo
CL,3,Antofagasta
CL,4,Araucania
CL,5,Atacama
CL,6,Bio-Bio
CL,7,Coquimbo
CL,8,Libertador General Bernardo O'Higgins
CL,9,Los Lagos
CL,10,Magallanes y de la Antartica Chilena
CL,11,Maule
CL,12,Region Metropolitana
CL,13,Tarapaca
CL,14,Los Lagos
CL,15,Tarapaca
CL,16,Arica y Parinacota
CL,17,Los Rios
CM,4,Est
CM,5,Littoral
CM,7,Nord-Ouest
CM,8,Ouest
CM,9,Sud-Ouest
CM,10,Adamaoua
CM,11,Centre
CM,12,Extreme-Nord
CM,13,Nord
CM,14,Sud
CN,1,Anhui
CN,2,Zhejiang
CN,3,Jiangxi
CN,4,Jiangsu
CN,5,Jilin
CN,6,Qinghai
CN,7,Fujian
CN,8,Heilongjiang
CN,9,Henan
CN,10,Hebei
CN,11,Hunan
CN,12,Hubei
CN,13,Xinjiang
CN,14,Xizang
CN,15,Gansu
CN,16,Guangxi
CN,18,Guizhou
CN,19,Liaoning
CN,20,Nei Mongol
CN,21,Ningxia
CN,22,Beijing
CN,23,Shanghai
CN,24,Shanxi
CN,25,Shandong
CN,26,Shaanxi
CN,28,Tianjin
CN,29,Yunnan
CN,30,Guangdong
CN,31,Hainan
CN,32,Sichuan
CN,33,Chongqing
CO,1,Amazonas
CO,2,Antioquia
CO,3,Arauca
CO,4,Atlantico
CO,5,Bolivar Department
CO,6,Boyaca Department
CO,7,Caldas Department
CO,8,Caqueta
CO,9,Cauca
CO,10,Cesar
CO,11,Choco
CO,12,Cordoba
CO,14,Guaviare
CO,15,Guainia
CO,16,Huila
CO,17,La Guajira
CO,18,Magdalena Department
CO,19,Meta
CO,20,Narino
CO,21,Norte de Santander
CO,22,Putumayo
CO,23,Quindio
CO,24,Risaralda
CO,25,San Andres y Providencia
CO,26,Santander
CO,27,Sucre
CO,28,Tolima
CO,29,Valle del Cauca
CO,30,Vaupes
CO,31,Vichada
CO,32,Casanare
CO,33,Cundinamarca
CO,34,Distrito Especial
CO,35,Bolivar
CO,36,Boyaca
CO,37,Caldas
CO,38,Magdalena
CR,1,Alajuela
CR,2,Cartago
CR,3,Guanacaste
CR,4,Heredia
CR,6,Limon
CR,7,Puntarenas
CR,8,San Jose
CU,1,Pinar del Rio
CU,2,Ciudad de la Habana
CU,3,Matanzas
CU,4,Isla de la Juventud
CU,5,Camaguey
CU,7,Ciego de Avila
CU,8,Cienfuegos
CU,9,Granma
CU,10,Guantanamo
CU,11,La Habana
CU,12,Holguin
CU,13,Las Tunas
CU,14,Sancti Spiritus
CU,15,Santiago de Cuba
CU,16,Villa Clara
CV,1,Boa Vista
CV,2,Brava
CV,4,Maio
CV,5,Paul
CV,7,Ribeira Grande
CV,8,Sal
CV,10,Sao Nicolau
CV,11,Sao Vicente
CV,13,Mosteiros
CV,14,Praia
CV,15,Santa Catarina
CV,16,Santa Cruz
CV,17,Sao Domingos
CV,18,Sao Filipe
CV,19,Sao Miguel
CV,20,Tarrafal
CY,1,Famagusta
CY,2,Kyrenia
CY,3,Larnaca
CY,4,Nicosia
CY,5,Limassol
CY,6,Paphos
CZ,52,Hlavni mesto Praha
CZ,78,Jihomoravsky kraj
CZ,79,Jihocesky kraj
CZ,80,Vysocina
CZ,81,Karlovarsky kraj
CZ,82,Kralovehradecky kraj
CZ,83,Liberecky kraj
CZ,84,Olomoucky kraj
CZ,85,Moravskoslezsky kraj
CZ,86,Pardubicky kraj
CZ,87,Plzensky kraj
CZ,88,Stredocesky kraj
CZ,89,Ustecky kraj
CZ,90,Zlinsky kraj
DE,1,Baden-Wurttemberg
DE,2,Bayern
DE,3,Bremen
DE,4,Hamburg
DE,5,Hessen
DE,6,Niedersachsen
DE,7,Nordrhein-Westfalen
DE,8,Rheinland-Pfalz
DE,9,Saarland
DE,10,Schleswig-Holstein
DE,11,Brandenburg
DE,12,Mecklenburg-Vorpommern
DE,13,Sachsen
DE,14,Sachsen-Anhalt
DE,15,Thuringen
DE,16,Berlin
DJ,1,Ali Sabieh
DJ,4,Obock
DJ,5,Tadjoura
DJ,6,Dikhil
DJ,7,Djibouti
DJ,8,Arta
DK,17,Hovedstaden
DK,18,Midtjylland
DK,19,Nordjylland
DK,20,Sjelland
DK,21,Syddanmark
DM,2,Saint Andrew
DM,3,Saint David
DM,4,Saint George
DM,5,Saint John
DM,6,Saint Joseph
DM,7,Saint Luke
DM,8,Saint Mark
DM,9,Saint Patrick
DM,10,Saint Paul
DM,11,Saint Peter
DO,1,Azua
DO,2,Baoruco
DO,3,Barahona
DO,4,Dajabon
DO,5,Distrito Nacional
DO,6,Duarte
DO,8,Espaillat
DO,9,Independencia
DO,10,La Altagracia
DO,11,Elias Pina
DO,12,La Romana
DO,14,Maria Trinidad Sanchez
DO,15,Monte Cristi
DO,16,Pedernales
DO,17,Peravia
DO,18,Puerto Plata
DO,19,Salcedo
DO,20,Samana
DO,21,Sanchez Ramirez
DO,23,San Juan
DO,24,San Pedro De Macoris
DO,25,Santiago
DO,26,Santiago Rodriguez
DO,27,Valverde
DO,28,El Seibo
DO,29,Hato Mayor
DO,30,La Vega
DO,31,Monsenor Nouel
DO,32,Monte Plata
DO,33,San Cristobal
DO,34,Distrito Nacional
DO,35,Peravia
DO,36,San Jose de Ocoa
DO,37,Santo Domingo
DZ,1,Alger
DZ,3,Batna
DZ,4,Constantine
DZ,6,Medea
DZ,7,Mostaganem
DZ,9,Oran
DZ,10,Saida
DZ,12,Setif
DZ,13,Tiaret
DZ,14,Tizi Ouzou
DZ,15,Tlemcen
DZ,18,Bejaia
DZ,19,Biskra
DZ,20,Blida
DZ,21,Bouira
DZ,22,Djelfa
DZ,23,Guelma
DZ,24,Jijel
DZ,25,Laghouat
DZ,26,Mascara
DZ,27,M'sila
DZ,29,Oum el Bouaghi
DZ,30,Sidi Bel Abbes
DZ,31,Skikda
DZ,33,Tebessa
DZ,34,Adrar
DZ,35,Ain Defla
DZ,36,Ain Temouchent
DZ,37,Annaba
DZ,38,Bechar
DZ,39,Bordj Bou Arreridj
DZ,40,Boumerdes
DZ,41,Chlef
DZ,42,El Bayadh
DZ,43,El Oued
DZ,44,El Tarf
DZ,45,Ghardaia
DZ,46,Illizi
DZ,47,Khenchela
DZ,48,Mila
DZ,49,Naama
DZ,50,Ouargla
DZ,51,Relizane
DZ,52,Souk Ahras
DZ,53,Tamanghasset
DZ,54,Tindouf
DZ,55,Tipaza
DZ,56,Tissemsilt
EC,1,Galapagos
EC,2,Azuay
EC,3,Bolivar
EC,4,Canar
EC,5,Carchi
EC,6,Chimborazo
EC,7,Cotopaxi
EC,8,El Oro
EC,9,Esmeraldas
EC,10,Guayas
EC,11,Imbabura
EC,12,Loja
EC,13,Los Rios
EC,14,Manabi
EC,15,Morona-Santiago
EC,17,Pastaza
EC,18,Pichincha
EC,19,Tungurahua
EC,20,Zamora-Chinchipe
EC,22,Sucumbios
EC,23,Napo
EC,24,Orellana
EE,1,Harjumaa
EE,2,Hiiumaa
EE,3,Ida-Virumaa
EE,4,Jarvamaa
EE,5,Jogevamaa
EE,6,Kohtla-Jarve
EE,7,Laanemaa
EE,8,Laane-Virumaa
EE,9,Narva
EE,10,Parnu
EE,11,Parnumaa
EE,12,Polvamaa
EE,13,Raplamaa
EE,14,Saaremaa
EE,15,Sillamae
EE,16,Tallinn
EE,17,Tartu
EE,18,Tartumaa
EE,19,Valgamaa
EE,20,Viljandimaa
EE,21,Vorumaa
EG,1,Ad Daqahliyah
EG,2,Al Bahr al Ahmar
EG,3,Al Buhayrah
EG,4,Al Fayyum
EG,5,Al Gharbiyah
EG,6,Al Iskandariyah
EG,7,Al Isma'iliyah
EG,8,Al Jizah
EG,9,Al Minufiyah
EG,10,Al Minya
EG,11,Al Qahirah
EG,12,Al Qalyubiyah
EG,13,Al Wadi al Jadid
EG,14,Ash Sharqiyah
EG,15,As Suways
EG,16,Aswan
EG,17,Asyut
EG,18,Bani Suwayf
EG,19,Bur Sa'id
EG,20,Dumyat
EG,21,Kafr ash Shaykh
EG,22,Matruh
EG,23,Qina
EG,24,Suhaj
EG,26,Janub Sina'
EG,27,Shamal Sina'
ER,1,Anseba
ER,2,Debub
ER,3,Debubawi K'eyih Bahri
ER,4,Gash Barka
ER,5,Ma'akel
ER,6,Semenawi K'eyih Bahri
ES,7,Islas Baleares
ES,27,La Rioja
ES,29,Madrid
ES,31,Murcia
ES,32,Navarra
ES,34,Asturias
ES,39,Cantabria
ES,51,Andalucia
ES,52,Aragon
ES,53,Canarias
ES,54,Castilla-La Mancha
ES,55,Castilla y Leon
ES,56,Catalonia
ES,57,Extremadura
ES,58,Galicia
ES,59,Pais Vasco
ES,60,Comunidad Valenciana
ET,44,Adis Abeba
ET,45,Afar
ET,46,Amara
ET,47,Binshangul Gumuz
ET,48,Dire Dawa
ET,49,Gambela Hizboch
ET,50,Hareri Hizb
ET,51,Oromiya
ET,52,Sumale
ET,53,Tigray
ET,54,YeDebub Biheroch Bihereseboch na Hizboch
FI,1,Aland
FI,6,Lapland
FI,8,Oulu
FI,13,Southern Finland
FI,14,Eastern Finland
FI,15,Western Finland
FJ,1,Central
FJ,2,Eastern
FJ,3,Northern
FJ,4,Rotuma
FJ,5,Western
FM,1,Kosrae
FM,2,Pohnpei
FM,3,Chuuk
FM,4,Yap
FR,97,Aquitaine
FR,98,Auvergne
FR,99,Basse-Normandie
FR,A1,Bourgogne
FR,A2,Bretagne
FR,A3,Centre
FR,A4,Champagne-Ardenne
FR,A5,Corse
FR,A6,Franche-Comte
FR,A7,Haute-Normandie
FR,A8,Ile-de-France
FR,A9,Languedoc-Roussillon
FR,B1,Limousin
FR,B2,Lorraine
FR,B3,Midi-Pyrenees
FR,B4,Nord-Pas-de-Calais
FR,B5,Pays de la Loire
FR,B6,Picardie
FR,B7,Poitou-Charentes
FR,B8,Provence-Alpes-Cote d'Azur
FR,B9,Rhone-Alpes
FR,C1,Alsace
GA,1,Estuaire
GA,2,Haut-Ogooue
GA,3,Moyen-Ogooue
GA,4,Ngounie
GA,5,Nyanga
GA,6,Ogooue-Ivindo
GA,7,Ogooue-Lolo
GA,8,Ogooue-Maritime
GA,9,Woleu-Ntem
GB,A1,Barking and Dagenham
GB,A2,Barnet
GB,A3,Barnsley
GB,A4,Bath and North East Somerset
GB,A5,Bedfordshire
GB,A6,Bexley
GB,A7,Birmingham
GB,A8,Blackburn with Darwen
GB,A9,Blackpool
GB,B1,Bolton
GB,B2,Bournemouth
GB,B3,Bracknell Forest
GB,B4,Bradford
GB,B5,Brent
GB,B6,Brighton and Hove
GB,B7,Bristol
GB,B8,Bromley
GB,B9,Buckinghamshire
GB,C1,Bury
GB,C2,Calderdale
GB,C3,Cambridgeshire
GB,C4,Camden
GB,C5,Cheshire
GB,C6,Cornwall
GB,C7,Coventry
GB,C8,Croydon
GB,C9,Cumbria
GB,D1,Darlington
GB,D2,Derby
GB,D3,Derbyshire
GB,D4,Devon
GB,D5,Doncaster
GB,D6,Dorset
GB,D7,Dudley
GB,D8,Durham
GB,D9,Ealing
GB,E1,East Riding of Yorkshire
GB,E2,East Sussex
GB,E3,Enfield
GB,E4,Essex
GB,E5,Gateshead
GB,E6,Gloucestershire
GB,E7,Greenwich
GB,E8,Hackney
GB,E9,Halton
GB,F1,Hammersmith and Fulham
GB,F2,Hampshire
GB,F3,Haringey
GB,F4,Harrow
GB,F5,Hartlepool
GB,F6,Havering
GB,F7,Herefordshire
GB,F8,Hertford
GB,F9,Hillingdon
GB,G1,Hounslow
GB,G2,Isle of Wight
GB,G3,Islington
GB,G4,Kensington and Chelsea
GB,G5,Kent
GB,G6,Kingston upon Hull City of
GB,G7,Kingston upon Thames
GB,G8,Kirklees
GB,G9,Knowsley
GB,H1,Lambeth
GB,H2,Lancashire
GB,H3,Leeds
GB,H4,Leicester
GB,H5,Leicestershire
GB,H6,Lewisham
GB,H7,Lincolnshire
GB,H8,Liverpool
GB,H9,London
GB,I1,Luton
GB,I2,Manchester
GB,I3,Medway
GB,I4,Merton
GB,I5,Middlesbrough
GB,I6,Milton Keynes
GB,I7,Newcastle upon Tyne
GB,I8,Newham
GB,I9,Norfolk
GB,J1,Northamptonshire
GB,J2,North East Lincolnshire
GB,J3,North Lincolnshire
GB,J4,North Somerset
GB,J5,North Tyneside
GB,J6,Northumberland
GB,J7,North Yorkshire
GB,J8,Nottingham
GB,J9,Nottinghamshire
GB,K1,Oldham
GB,K2,Oxfordshire
GB,K3,Peterborough
GB,K4,Plymouth
GB,K5,Poole
GB,K6,Portsmouth
GB,K7,Reading
GB,K8,Redbridge
GB,K9,Redcar and Cleveland
GB,L1,Richmond upon Thames
GB,L2,Rochdale
GB,L3,Rotherham
GB,L4,Rutland
GB,L5,Salford
GB,L6,Shropshire
GB,L7,Sandwell
GB,L8,Sefton
GB,L9,Sheffield
GB,M1,Slough
GB,M2,Solihull
GB,M3,Somerset
GB,M4,Southampton
GB,M5,Southend-on-Sea
GB,M6,South Gloucestershire
GB,M7,South Tyneside
GB,M8,Southwark
GB,M9,Staffordshire
GB,N1,St. Helens
GB,N2,Stockport
GB,N3,Stockton-on-Tees
GB,N4,Stoke-on-Trent
GB,N5,Suffolk
GB,N6,Sunderland
GB,N7,Surrey
GB,N8,Sutton
GB,N9,Swindon
GB,O1,Tameside
GB,O2,Telford and Wrekin
GB,O3,Thurrock
GB,O4,Torbay
GB,O5,Tower Hamlets
GB,O6,Trafford
GB,O7,Wakefield
GB,O8,Walsall
GB,O9,Waltham Forest
GB,P1,Wandsworth
GB,P2,Warrington
GB,P3,Warwickshire
GB,P4,West Berkshire
GB,P5,Westminster
GB,P6,West Sussex
GB,P7,Wigan
GB,P8,Wiltshire
GB,P9,Windsor and Maidenhead
GB,Q1,Wirral
GB,Q2,Wokingham
GB,Q3,Wolverhampton
GB,Q4,Worcestershire
GB,Q5,York
GB,Q6,Antrim
GB,Q7,Ards
GB,Q8,Armagh
GB,Q9,Ballymena
GB,R1,Ballymoney
GB,R2,Banbridge
GB,R3,Belfast
GB,R4,Carrickfergus
GB,R5,Castlereagh
GB,R6,Coleraine
GB,R7,Cookstown
GB,R8,Craigavon
GB,R9,Down
GB,S1,Dungannon
GB,S2,Fermanagh
GB,S3,Larne
GB,S4,Limavady
GB,S5,Lisburn
GB,S6,Derry
GB,S7,Magherafelt
GB,S8,Moyle
GB,S9,Newry and Mourne
GB,T1,Newtownabbey
GB,T2,North Down
GB,T3,Omagh
GB,T4,Strabane
GB,T5,Aberdeen City
GB,T6,Aberdeenshire
GB,T7,Angus
GB,T8,Argyll and Bute
GB,T9,Scottish Borders
GB,U1,Clackmannanshire
GB,U2,Dumfries and Galloway
GB,U3,Dundee City
GB,U4,East Ayrshire
GB,U5,East Dunbartonshire
GB,U6,East Lothian
GB,U7,East Renfrewshire
GB,U8,Edinburgh
GB,U9,Falkirk
GB,V1,Fife
GB,V2,Glasgow City
GB,V3,Highland
GB,V4,Inverclyde
GB,V5,Midlothian
GB,V6,Moray
GB,V7,North Ayrshire
GB,V8,North Lanarkshire
GB,V9,Orkney
GB,W1,Perth and Kinross
GB,W2,Renfrewshire
GB,W3,Shetland Islands
GB,W4,South Ayrshire
GB,W5,South Lanarkshire
GB,W6,Stirling
GB,W7,West Dunbartonshire
GB,W8,Eilean Siar
GB,W9,West Lothian
GB,X1,Isle of Anglesey
GB,X2,Blaenau Gwent
GB,X3,Bridgend
GB,X4,Caerphilly
GB,X5,Cardiff
GB,X6,Ceredigion
GB,X7,Carmarthenshire
GB,X8,Conwy
GB,X9,Denbighshire
GB,Y1,Flintshire
GB,Y2,Gwynedd
GB,Y3,Merthyr Tydfil
GB,Y4,Monmouthshire
GB,Y5,Neath Port Talbot
GB,Y6,Newport
GB,Y7,Pembrokeshire
GB,Y8,Powys
GB,Y9,Rhondda Cynon Taff
GB,Z1,Swansea
GB,Z2,Torfaen
GB,Z3,Vale of Glamorgan
GB,Z4,Wrexham
GD,1,Saint Andrew
GD,2,Saint David
GD,3,Saint George
GD,4,Saint John
GD,5,Saint Mark
GD,6,Saint Patrick
GE,1,Abashis Raioni
GE,2,Abkhazia
GE,3,Adigenis Raioni
GE,4,Ajaria
GE,5,Akhalgoris Raioni
GE,6,Akhalk'alak'is Raioni
GE,7,Akhalts'ikhis Raioni
GE,8,Akhmetis Raioni
GE,9,Ambrolauris Raioni
GE,10,Aspindzis Raioni
GE,11,Baghdat'is Raioni
GE,12,Bolnisis Raioni
GE,13,Borjomis Raioni
GE,14,Chiat'ura
GE,15,Ch'khorotsqus Raioni
GE,16,Ch'okhatauris Raioni
GE,17,Dedop'listsqaros Raioni
GE,18,Dmanisis Raioni
GE,19,Dushet'is Raioni
GE,20,Gardabanis Raioni
GE,21,Gori
GE,22,Goris Raioni
GE,23,Gurjaanis Raioni
GE,24,Javis Raioni
GE,25,K'arelis Raioni
GE,26,Kaspis Raioni
GE,27,Kharagaulis Raioni
GE,28,Khashuris Raioni
GE,29,Khobis Raioni
GE,30,Khonis Raioni
GE,31,K'ut'aisi
GE,32,Lagodekhis Raioni
GE,33,Lanch'khut'is Raioni
GE,34,Lentekhis Raioni
GE,35,Marneulis Raioni
GE,36,Martvilis Raioni
GE,37,Mestiis Raioni
GE,38,Mts'khet'is Raioni
GE,39,Ninotsmindis Raioni
GE,40,Onis Raioni
GE,41,Ozurget'is Raioni
GE,42,P'ot'i
GE,43,Qazbegis Raioni
GE,44,Qvarlis Raioni
GE,45,Rust'avi
GE,46,Sach'kheris Raioni
GE,47,Sagarejos Raioni
GE,48,Samtrediis Raioni
GE,49,Senakis Raioni
GE,50,Sighnaghis Raioni
GE,51,T'bilisi
GE,52,T'elavis Raioni
GE,53,T'erjolis Raioni
GE,54,T'et'ritsqaros Raioni
GE,55,T'ianet'is Raioni
GE,56,Tqibuli
GE,57,Ts'ageris Raioni
GE,58,Tsalenjikhis Raioni
GE,59,Tsalkis Raioni
GE,60,Tsqaltubo
GE,61,Vanis Raioni
GE,62,Zestap'onis Raioni
GE,63,Zugdidi
GE,64,Zugdidis Raioni
GH,1,Greater Accra
GH,2,Ashanti
GH,3,Brong-Ahafo
GH,4,Central
GH,5,Eastern
GH,6,Northern
GH,8,Volta
GH,9,Western
GH,10,Upper East
GH,11,Upper West
GL,1,Nordgronland
GL,2,Ostgronland
GL,3,Vestgronland
GM,1,Banjul
GM,2,Lower River
GM,3,Central River
GM,4,Upper River
GM,5,Western
GM,7,North Bank
GN,1,Beyla
GN,2,Boffa
GN,3,Boke
GN,4,Conakry
GN,5,Dabola
GN,6,Dalaba
GN,7,Dinguiraye
GN,9,Faranah
GN,10,Forecariah
GN,11,Fria
GN,12,Gaoual
GN,13,Gueckedou
GN,15,Kerouane
GN,16,Kindia
GN,17,Kissidougou
GN,18,Koundara
GN,19,Kouroussa
GN,21,Macenta
GN,22,Mali
GN,23,Mamou
GN,25,Pita
GN,27,Telimele
GN,28,Tougue
GN,29,Yomou
GN,30,Coyah
GN,31,Dubreka
GN,32,Kankan
GN,33,Koubia
GN,34,Labe
GN,35,Lelouma
GN,36,Lola
GN,37,Mandiana
GN,38,Nzerekore
GN,39,Siguiri
GQ,3,Annobon
GQ,4,Bioko Norte
GQ,5,Bioko Sur
GQ,6,Centro Sur
GQ,7,Kie-Ntem
GQ,8,Litoral
GQ,9,Wele-Nzas
GR,1,Evros
GR,2,Rodhopi
GR,3,Xanthi
GR,4,Drama
GR,5,Serrai
GR,6,Kilkis
GR,7,Pella
GR,8,Florina
GR,9,Kastoria
GR,10,Grevena
GR,11,Kozani
GR,12,Imathia
GR,13,Thessaloniki
GR,14,Kavala
GR,15,Khalkidhiki
GR,16,Pieria
GR,17,Ioannina
GR,18,Thesprotia
GR,19,Preveza
GR,20,Arta
GR,21,Larisa
GR,22,Trikala
GR,23,Kardhitsa
GR,24,Magnisia
GR,25,Kerkira
GR,26,Levkas
GR,27,Kefallinia
GR,28,Zakinthos
GR,29,Fthiotis
GR,30,Evritania
GR,31,Aitolia kai Akarnania
GR,32,Fokis
GR,33,Voiotia
GR,34,Evvoia
GR,35,Attiki
GR,36,Argolis
GR,37,Korinthia
GR,38,Akhaia
GR,39,Ilia
GR,40,Messinia
GR,41,Arkadhia
GR,42,Lakonia
GR,43,Khania
GR,44,Rethimni
GR,45,Iraklion
GR,46,Lasithi
GR,47,Dhodhekanisos
GR,48,Samos
GR,49,Kikladhes
GR,50,Khios
GR,51,Lesvos
GT,1,Alta Verapaz
GT,2,Baja Verapaz
GT,3,Chimaltenango
GT,4,Chiquimula
GT,5,El Progreso
GT,6,Escuintla
GT,7,Guatemala
GT,8,Huehuetenango
GT,9,Izabal
GT,10,Jalapa
GT,11,Jutiapa
GT,12,Peten
GT,13,Quetzaltenango
GT,14,Quiche
GT,15,Retalhuleu
GT,16,Sacatepequez
GT,17,San Marcos
GT,18,Santa Rosa
GT,19,Solola
GT,20,Suchitepequez
GT,21,Totonicapan
GT,22,Zacapa
GW,1,Bafata
GW,2,Quinara
GW,4,Oio
GW,5,Bolama
GW,6,Cacheu
GW,7,Tombali
GW,10,Gabu
GW,11,Bissau
GW,12,Biombo
GY,10,Barima-Waini
GY,11,Cuyuni-Mazaruni
GY,12,Demerara-Mahaica
GY,13,East Berbice-Corentyne
GY,14,Essequibo Islands-West Demerara
GY,15,Mahaica-Berbice
GY,16,Pomeroon-Supenaam
GY,17,Potaro-Siparuni
GY,18,Upper Demerara-Berbice
GY,19,Upper Takutu-Upper Essequibo
HN,1,Atlantida
HN,2,Choluteca
HN,3,Colon
HN,4,Comayagua
HN,5,Copan
HN,6,Cortes
HN,7,El Paraiso
HN,8,Francisco Morazan
HN,9,Gracias a Dios
HN,10,Intibuca
HN,11,Islas de la Bahia
HN,12,La Paz
HN,13,Lempira
HN,14,Ocotepeque
HN,15,Olancho
HN,16,Santa Barbara
HN,17,Valle
HN,18,Yoro
HR,1,Bjelovarsko-Bilogorska
HR,2,Brodsko-Posavska
HR,3,Dubrovacko-Neretvanska
HR,4,Istarska
HR,5,Karlovacka
HR,6,Koprivnicko-Krizevacka
HR,7,Krapinsko-Zagorska
HR,8,Licko-Senjska
HR,9,Medimurska
HR,10,Osjecko-Baranjska
HR,11,Pozesko-Slavonska
HR,12,Primorsko-Goranska
HR,13,Sibensko-Kninska
HR,14,Sisacko-Moslavacka
HR,15,Splitsko-Dalmatinska
HR,16,Varazdinska
HR,17,Viroviticko-Podravska
HR,18,Vukovarsko-Srijemska
HR,19,Zadarska
HR,20,Zagrebacka
HR,21,Grad Zagreb
HT,3,Nord-Ouest
HT,6,Artibonite
HT,7,Centre
HT,9,Nord
HT,10,Nord-Est
HT,11,Ouest
HT,12,Sud
HT,13,Sud-Est
HT,14,Grand' Anse
HT,15,Nippes
HU,1,Bacs-Kiskun
HU,2,Baranya
HU,3,Bekes
HU,4,Borsod-Abauj-Zemplen
HU,5,Budapest
HU,6,Csongrad
HU,7,Debrecen
HU,8,Fejer
HU,9,Gyor-Moson-Sopron
HU,10,Hajdu-Bihar
HU,11,Heves
HU,12,Komarom-Esztergom
HU,13,Miskolc
HU,14,Nograd
HU,15,Pecs
HU,16,Pest
HU,17,Somogy
HU,18,Szabolcs-Szatmar-Bereg
HU,19,Szeged
HU,20,Jasz-Nagykun-Szolnok
HU,21,Tolna
HU,22,Vas
HU,23,Veszprem
HU,24,Zala
HU,25,Gyor
HU,26,Bekescsaba
HU,27,Dunaujvaros
HU,28,Eger
HU,29,Hodmezovasarhely
HU,30,Kaposvar
HU,31,Kecskemet
HU,32,Nagykanizsa
HU,33,Nyiregyhaza
HU,34,Sopron
HU,35,Szekesfehervar
HU,36,Szolnok
HU,37,Szombathely
HU,38,Tatabanya
HU,39,Veszprem
HU,40,Zalaegerszeg
HU,41,Salgotarjan
HU,42,Szekszard
HU,43,Erd
ID,1,Aceh
ID,2,Bali
ID,3,Bengkulu
ID,4,Jakarta Raya
ID,5,Jambi
ID,7,Jawa Tengah
ID,8,Jawa Timur
ID,10,Yogyakarta
ID,11,Kalimantan Barat
ID,12,Kalimantan Selatan
ID,13,Kalimantan Tengah
ID,14,Kalimantan Timur
ID,15,Lampung
ID,17,Nusa Tenggara Barat
ID,18,Nusa Tenggara Timur
ID,21,Sulawesi Tengah
ID,22,Sulawesi Tenggara
ID,24,Sumatera Barat
ID,26,Sumatera Utara
ID,28,Maluku
ID,29,Maluku Utara
ID,30,Jawa Barat
ID,31,Sulawesi Utara
ID,32,Sumatera Selatan
ID,33,Banten
ID,34,Gorontalo
ID,35,Kepulauan Bangka Belitung
ID,36,Papua
ID,37,Riau
ID,38,Sulawesi Selatan
ID,39,Irian Jaya Barat
ID,40,Kepulauan Riau
ID,41,Sulawesi Barat
IE,1,Carlow
IE,2,Cavan
IE,3,Clare
IE,4,Cork
IE,6,Donegal
IE,7,Dublin
IE,10,Galway
IE,11,Kerry
IE,12,Kildare
IE,13,Kilkenny
IE,14,Leitrim
IE,15,Laois
IE,16,Limerick
IE,18,Longford
IE,19,Louth
IE,20,Mayo
IE,21,Meath
IE,22,Monaghan
IE,23,Offaly
IE,24,Roscommon
IE,25,Sligo
IE,26,Tipperary
IE,27,Waterford
IE,29,Westmeath
IE,30,Wexford
IE,31,Wicklow
IL,1,HaDarom
IL,2,HaMerkaz
IL,3,HaZafon
IL,4,Hefa
IL,5,Tel Aviv
IL,6,Yerushalayim
IN,1,Andaman and Nicobar Islands
IN,2,Andhra Pradesh
IN,3,Assam
IN,5,Chandigarh
IN,6,Dadra and Nagar Haveli
IN,7,Delhi
IN,9,Gujarat
IN,10,Haryana
IN,11,Himachal Pradesh
IN,12,Jammu and Kashmir
IN,13,Kerala
IN,14,Lakshadweep
IN,16,Maharashtra
IN,17,Manipur
IN,18,Meghalaya
IN,19,Karnataka
IN,20,Nagaland
IN,21,Orissa
IN,22,Puducherry
IN,23,Punjab
IN,24,Rajasthan
IN,25,Tamil Nadu
IN,26,Tripura
IN,28,West Bengal
IN,29,Sikkim
IN,30,Arunachal Pradesh
IN,31,Mizoram
IN,32,Daman and Diu
IN,33,Goa
IN,34,Bihar
IN,35,Madhya Pradesh
IN,36,Uttar Pradesh
IN,37,Chhattisgarh
IN,38,Jharkhand
IN,39,Uttarakhand
IQ,1,Al Anbar
IQ,2,Al Basrah
IQ,3,Al Muthanna
IQ,4,Al Qadisiyah
IQ,5,As Sulaymaniyah
IQ,6,Babil
IQ,7,Baghdad
IQ,8,Dahuk
IQ,9,Dhi Qar
IQ,10,Diyala
IQ,11,Arbil
IQ,12,Karbala'
IQ,13,At Ta'mim
IQ,14,Maysan
IQ,15,Ninawa
IQ,16,Wasit
IQ,17,An Najaf
IQ,18,Salah ad Din
IR,1,Azarbayjan-e Bakhtari
IR,3,Chahar Mahall va Bakhtiari
IR,4,Sistan va Baluchestan
IR,5,Kohkiluyeh va Buyer Ahmadi
IR,7,Fars
IR,8,Gilan
IR,9,Hamadan
IR,10,Ilam
IR,11,Hormozgan
IR,12,Kerman
IR,13,Bakhtaran
IR,15,Khuzestan
IR,16,Kordestan
IR,17,Mazandaran
IR,18,Semnan Province
IR,19,Markazi
IR,21,Zanjan
IR,22,Bushehr
IR,23,Lorestan
IR,24,Markazi
IR,25,Semnan
IR,26,Tehran
IR,27,Zanjan
IR,28,Esfahan
IR,29,Kerman
IR,30,Khorasan
IR,31,Yazd
IR,32,Ardabil
IR,33,East Azarbaijan
IR,34,Markazi
IR,35,Mazandaran
IR,36,Zanjan
IR,37,Golestan
IR,38,Qazvin
IR,39,Qom
IR,40,Yazd
IR,41,Khorasan-e Janubi
IR,42,Khorasan-e Razavi
IR,43,Khorasan-e Shemali
IS,3,Arnessysla
IS,5,Austur-Hunavatnssysla
IS,6,Austur-Skaftafellssysla
IS,7,Borgarfjardarsysla
IS,9,Eyjafjardarsysla
IS,10,Gullbringusysla
IS,15,Kjosarsysla
IS,17,Myrasysla
IS,20,Nordur-Mulasysla
IS,21,Nordur-Tingeyjarsysla
IS,23,Rangarvallasysla
IS,28,Skagafjardarsysla
IS,29,Snafellsnes- og Hnappadalssysla
IS,30,Strandasysla
IS,31,Sudur-Mulasysla
IS,32,Sudur-Tingeyjarsysla
IS,34,Vestur-Bardastrandarsysla
IS,35,Vestur-Hunavatnssysla
IS,36,Vestur-Isafjardarsysla
IS,37,Vestur-Skaftafellssysla
IS,40,Norourland Eystra
IS,41,Norourland Vestra
IS,42,Suourland
IS,43,Suournes
IS,44,Vestfiroir
IS,45,Vesturland
IT,1,Abruzzi
IT,2,Basilicata
IT,3,Calabria
IT,4,Campania
IT,5,Emilia-Romagna
IT,6,Friuli-Venezia Giulia
IT,7,Lazio
IT,8,Liguria
IT,9,Lombardia
IT,10,Marche
IT,11,Molise
IT,12,Piemonte
IT,13,Puglia
IT,14,Sardegna
IT,15,Sicilia
IT,16,Toscana
IT,17,Trentino-Alto Adige
IT,18,Umbria
IT,19,Valle d'Aosta
IT,20,Veneto
JM,1,Clarendon
JM,2,Hanover
JM,4,Manchester
JM,7,Portland
JM,8,Saint Andrew
JM,9,Saint Ann
JM,10,Saint Catherine
JM,11,Saint Elizabeth
JM,12,Saint James
JM,13,Saint Mary
JM,14,Saint Thomas
JM,15,Trelawny
JM,16,Westmoreland
JM,17,Kingston
JO,2,Al Balqa'
JO,7,Ma
JO,9,Al Karak
JO,10,Al Mafraq
JO,11,Amman Governorate
JO,12,At Tafilah
JO,13,Az Zarqa
JO,14,Irbid
JO,16,Amman
JP,1,Aichi
JP,2,Akita
JP,3,Aomori
JP,4,Chiba
JP,5,Ehime
JP,6,Fukui
JP,7,Fukuoka
JP,8,Fukushima
JP,9,Gifu
JP,10,Gumma
JP,11,Hiroshima
JP,12,Hokkaido
JP,13,Hyogo
JP,14,Ibaraki
JP,15,Ishikawa
JP,16,Iwate
JP,17,Kagawa
JP,18,Kagoshima
JP,19,Kanagawa
JP,20,Kochi
JP,21,Kumamoto
JP,22,Kyoto
JP,23,Mie
JP,24,Miyagi
JP,25,Miyazaki
JP,26,Nagano
JP,27,Nagasaki
JP,28,Nara
JP,29,Niigata
JP,30,Oita
JP,31,Okayama
JP,32,Osaka
JP,33,Saga
JP,34,Saitama
JP,35,Shiga
JP,36,Shimane
JP,37,Shizuoka
JP,38,Tochigi
JP,39,Tokushima
JP,40,Tokyo
JP,41,Tottori
JP,42,Toyama
JP,43,Wakayama
JP,44,Yamagata
JP,45,Yamaguchi
JP,46,Yamanashi
JP,47,Okinawa
KE,1,Central
KE,2,Coast
KE,3,Eastern
KE,5,Nairobi Area
KE,6,North-Eastern
KE,7,Nyanza
KE,8,Rift Valley
KE,9,Western
KG,1,Bishkek
KG,2,Chuy
KG,3,Jalal-Abad
KG,4,Naryn
KG,5,Osh
KG,6,Talas
KG,7,Ysyk-Kol
KG,8,Osh
KG,9,Batken
KH,1,Batdambang
KH,2,Kampong Cham
KH,3,Kampong Chhnang
KH,4,Kampong Speu
KH,5,Kampong Thum
KH,6,Kampot
KH,7,Kandal
KH,8,Koh Kong
KH,9,Kracheh
KH,10,Mondulkiri
KH,11,Phnum Penh
KH,12,Pursat
KH,13,Preah Vihear
KH,14,Prey Veng
KH,15,Ratanakiri Kiri
KH,16,Siem Reap
KH,17,Stung Treng
KH,18,Svay Rieng
KH,19,Takeo
KH,25,Banteay Meanchey
KH,29,Batdambang
KH,30,Pailin
KI,1,Gilbert Islands
KI,2,Line Islands
KI,3,Phoenix Islands
KM,1,Anjouan
KM,2,Grande Comore
KM,3,Moheli
KN,1,Christ Church Nichola Town
KN,2,Saint Anne Sandy Point
KN,3,Saint George Basseterre
KN,4,Saint George Gingerland
KN,5,Saint James Windward
KN,6,Saint John Capisterre
KN,7,Saint John Figtree
KN,8,Saint Mary Cayon
KN,9,Saint Paul Capisterre
KN,10,Saint Paul Charlestown
KN,11,Saint Peter Basseterre
KN,12,Saint Thomas Lowland
KN,13,Saint Thomas Middle Island
KN,15,Trinity Palmetto Point
KP,1,Chagang-do
KP,3,Hamgyong-namdo
KP,6,Hwanghae-namdo
KP,7,Hwanghae-bukto
KP,8,Kaesong-si
KP,9,Kangwon-do
KP,11,P'yongan-bukto
KP,12,P'yongyang-si
KP,13,Yanggang-do
KP,14,Namp'o-si
KP,15,P'yongan-namdo
KP,17,Hamgyong-bukto
KP,18,Najin Sonbong-si
KR,1,Cheju-do
KR,3,Cholla-bukto
KR,5,Ch'ungch'ong-bukto
KR,6,Kangwon-do
KR,10,Pusan-jikhalsi
KR,11,Seoul-t'ukpyolsi
KR,12,Inch'on-jikhalsi
KR,13,Kyonggi-do
KR,14,Kyongsang-bukto
KR,15,Taegu-jikhalsi
KR,16,Cholla-namdo
KR,17,Ch'ungch'ong-namdo
KR,18,Kwangju-jikhalsi
KR,19,Taejon-jikhalsi
KR,20,Kyongsang-namdo
KR,21,Ulsan-gwangyoksi
KW,1,Al Ahmadi
KW,2,Al Kuwayt
KW,5,Al Jahra
KW,7,Al Farwaniyah
KW,8,Hawalli
KW,9,Mubarak al Kabir
KY,1,Creek
KY,2,Eastern
KY,3,Midland
KY,4,South Town
KY,5,Spot Bay
KY,6,Stake Bay
KY,7,West End
KY,8,Western
KZ,1,Almaty
KZ,2,Almaty City
KZ,3,Aqmola
KZ,4,Aqtobe
KZ,5,Astana
KZ,6,Atyrau
KZ,7,West Kazakhstan
KZ,8,Bayqonyr
KZ,9,Mangghystau
KZ,10,South Kazakhstan
KZ,11,Pavlodar
KZ,12,Qaraghandy
KZ,13,Qostanay
KZ,14,Qyzylorda
KZ,15,East Kazakhstan
KZ,16,North Kazakhstan
KZ,17,Zhambyl
LA,1,Attapu
LA,2,Champasak
LA,3,Houaphan
LA,4,Khammouan
LA,5,Louang Namtha
LA,7,Oudomxai
LA,8,Phongsali
LA,9,Saravan
LA,10,Savannakhet
LA,11,Vientiane
LA,13,Xaignabouri
LA,14,Xiangkhoang
LA,17,Louangphrabang
LB,1,Beqaa
LB,2,Al Janub
LB,3,Liban-Nord
LB,4,Beyrouth
LB,5,Mont-Liban
LB,6,Liban-Sud
LB,7,Nabatiye
LB,8,Beqaa
LB,9,Liban-Nord
LB,10,Aakk r
LB,11,Baalbek-Hermel
LC,1,Anse-la-Raye
LC,2,Dauphin
LC,3,Castries
LC,4,Choiseul
LC,5,Dennery
LC,6,Gros-Islet
LC,7,Laborie
LC,8,Micoud
LC,9,Soufriere
LC,10,Vieux-Fort
LC,11,Praslin
LI,1,Balzers
LI,2,Eschen
LI,3,Gamprin
LI,4,Mauren
LI,5,Planken
LI,6,Ruggell
LI,7,Schaan
LI,8,Schellenberg
LI,9,Triesen
LI,10,Triesenberg
LI,11,Vaduz
LI,21,Gbarpolu
LI,22,River Gee
LK,1,Amparai
LK,2,Anuradhapura
LK,3,Badulla
LK,4,Batticaloa
LK,6,Galle
LK,7,Hambantota
LK,9,Kalutara
LK,10,Kandy
LK,11,Kegalla
LK,12,Kurunegala
LK,14,Matale
LK,15,Matara
LK,16,Moneragala
LK,17,Nuwara Eliya
LK,18,Polonnaruwa
LK,19,Puttalam
LK,20,Ratnapura
LK,21,Trincomalee
LK,23,Colombo
LK,24,Gampaha
LK,25,Jaffna
LK,26,Mannar
LK,27,Mullaittivu
LK,28,Vavuniya
LK,29,Central
LK,30,North Central
LK,31,Northern
LK,32,North Western
LK,33,Sabaragamuwa
LK,34,Southern
LK,35,Uva
LK,36,Western
LR,1,Bong
LR,4,Grand Cape Mount
LR,5,Lofa
LR,6,Maryland
LR,7,Monrovia
LR,9,Nimba
LR,10,Sino
LR,11,Grand Bassa
LR,12,Grand Cape Mount
LR,13,Maryland
LR,14,Montserrado
LR,17,Margibi
LR,18,River Cess
LR,19,Grand Gedeh
LR,20,Lofa
LR,21,Gbarpolu
LR,22,River Gee
LS,10,Berea
LS,11,Butha-Buthe
LS,12,Leribe
LS,13,Mafeteng
LS,14,Maseru
LS,15,Mohales Hoek
LS,16,Mokhotlong
LS,17,Qachas Nek
LS,18,Quthing
LS,19,Thaba-Tseka
LT,56,Alytaus Apskritis
LT,57,Kauno Apskritis
LT,58,Klaipedos Apskritis
LT,59,Marijampoles Apskritis
LT,60,Panevezio Apskritis
LT,61,Siauliu Apskritis
LT,62,Taurages Apskritis
LT,63,Telsiu Apskritis
LT,64,Utenos Apskritis
LT,65,Vilniaus Apskritis
LU,1,Diekirch
LU,2,Grevenmacher
LU,3,Luxembourg
LV,1,Aizkraukles
LV,2,Aluksnes
LV,3,Balvu
LV,4,Bauskas
LV,5,Cesu
LV,6,Daugavpils
LV,7,Daugavpils
LV,8,Dobeles
LV,9,Gulbenes
LV,10,Jekabpils
LV,11,Jelgava
LV,12,Jelgavas
LV,13,Jurmala
LV,14,Kraslavas
LV,15,Kuldigas
LV,16,Liepaja
LV,17,Liepajas
LV,18,Limbazu
LV,19,Ludzas
LV,20,Madonas
LV,21,Ogres
LV,22,Preilu
LV,23,Rezekne
LV,24,Rezeknes
LV,25,Riga
LV,26,Rigas
LV,27,Saldus
LV,28,Talsu
LV,29,Tukuma
LV,30,Valkas
LV,31,Valmieras
LV,32,Ventspils
LV,33,Ventspils
LY,3,Al Aziziyah
LY,5,Al Jufrah
LY,8,Al Kufrah
LY,13,Ash Shati'
LY,30,Murzuq
LY,34,Sabha
LY,41,Tarhunah
LY,42,Tubruq
LY,45,Zlitan
LY,47,Ajdabiya
LY,48,Al Fatih
LY,49,Al Jabal al Akhdar
LY,50,Al Khums
LY,51,An Nuqat al Khams
LY,52,Awbari
LY,53,Az Zawiyah
LY,54,Banghazi
LY,55,Darnah
LY,56,Ghadamis
LY,57,Gharyan
LY,58,Misratah
LY,59,Sawfajjin
LY,60,Surt
LY,61,Tarabulus
LY,62,Yafran
MA,45,Grand Casablanca
MA,46,Fes-Boulemane
MA,47,Marrakech-Tensift-Al Haouz
MA,48,Meknes-Tafilalet
MA,49,Rabat-Sale-Zemmour-Zaer
MA,50,Chaouia-Ouardigha
MA,51,Doukkala-Abda
MA,52,Gharb-Chrarda-Beni Hssen
MA,53,Guelmim-Es Smara
MA,54,Oriental
MA,55,Souss-Massa-Dr
MA,56,Tadla-Azilal
MA,57,Tanger-Tetouan
MA,58,Taza-Al Hoceima-Taounate
MA,59,La youne-Boujdour-Sakia El Hamra
MC,1,La Condamine
MC,2,Monaco
MC,3,Monte-Carlo
MD,51,Gagauzia
MD,57,Chisinau
MD,58,Stinga Nistrului
MD,59,Anenii Noi
MD,60,Balti
MD,61,Basarabeasca
MD,62,Bender
MD,63,Briceni
MD,64,Cahul
MD,65,Cantemir
MD,66,Calarasi
MD,67,Causeni
MD,68,Cimislia
MD,69,Criuleni
MD,70,Donduseni
MD,71,Drochia
MD,72,Dubasari
MD,73,Edinet
MD,74,Falesti
MD,75,Floresti
MD,76,Glodeni
MD,77,Hincesti
MD,78,Ialoveni
MD,79,Leova
MD,80,Nisporeni
MD,81,Ocnita
MD,83,Rezina
MD,84,Riscani
MD,85,Singerei
MD,86,Soldanesti
MD,87,Soroca
MD,88,Stefan-Voda
MD,89,Straseni
MD,90,Taraclia
MD,91,Telenesti
MD,92,Ungheni
MG,1,Antsiranana
MG,2,Fianarantsoa
MG,3,Mahajanga
MG,4,Toamasina
MG,5,Antananarivo
MG,6,Toliara
MK,1,Aracinovo
MK,2,Bac
MK,3,Belcista
MK,4,Berovo
MK,5,Bistrica
MK,6,Bitola
MK,7,Blatec
MK,8,Bogdanci
MK,9,Bogomila
MK,10,Bogovinje
MK,11,Bosilovo
MK,12,Brvenica
MK,13,Cair
MK,14,Capari
MK,15,Caska
MK,16,Cegrane
MK,17,Centar
MK,18,Centar Zupa
MK,19,Cesinovo
MK,20,Cucer-Sandevo
MK,21,Debar
MK,22,Delcevo
MK,23,Delogozdi
MK,24,Demir Hisar
MK,25,Demir Kapija
MK,26,Dobrusevo
MK,27,Dolna Banjica
MK,28,Dolneni
MK,29,Dorce Petrov
MK,30,Drugovo
MK,31,Dzepciste
MK,32,Gazi Baba
MK,33,Gevgelija
MK,34,Gostivar
MK,35,Gradsko
MK,36,Ilinden
MK,37,Izvor
MK,38,Jegunovce
MK,39,Kamenjane
MK,40,Karbinci
MK,41,Karpos
MK,42,Kavadarci
MK,43,Kicevo
MK,44,Kisela Voda
MK,45,Klecevce
MK,46,Kocani
MK,47,Konce
MK,48,Kondovo
MK,49,Konopiste
MK,50,Kosel
MK,51,Kratovo
MK,52,Kriva Palanka
MK,53,Krivogastani
MK,54,Krusevo
MK,55,Kuklis
MK,56,Kukurecani
MK,57,Kumanovo
MK,58,Labunista
MK,59,Lipkovo
MK,60,Lozovo
MK,61,Lukovo
MK,62,Makedonska Kamenica
MK,63,Makedonski Brod
MK,64,Mavrovi Anovi
MK,65,Meseista
MK,66,Miravci
MK,67,Mogila
MK,68,Murtino
MK,69,Negotino
MK,70,Negotino-Polosko
MK,71,Novaci
MK,72,Novo Selo
MK,73,Oblesevo
MK,74,Ohrid
MK,75,Orasac
MK,76,Orizari
MK,77,Oslomej
MK,78,Pehcevo
MK,79,Petrovec
MK,80,Plasnica
MK,81,Podares
MK,82,Prilep
MK,83,Probistip
MK,84,Radovis
MK,85,Rankovce
MK,86,Resen
MK,87,Rosoman
MK,88,Rostusa
MK,89,Samokov
MK,90,Saraj
MK,91,Sipkovica
MK,92,Sopiste
MK,93,Sopotnica
MK,94,Srbinovo
MK,95,Staravina
MK,96,Star Dojran
MK,97,Staro Nagoricane
MK,98,Stip
MK,99,Struga
MK,A1,Strumica
MK,A2,Studenicani
MK,A3,Suto Orizari
MK,A4,Sveti Nikole
MK,A5,Tearce
MK,A6,Tetovo
MK,A7,Topolcani
MK,A8,Valandovo
MK,A9,Vasilevo
MK,B1,Veles
MK,B2,Velesta
MK,B3,Vevcani
MK,B4,Vinica
MK,B5,Vitoliste
MK,B6,Vranestica
MK,B7,Vrapciste
MK,B8,Vratnica
MK,B9,Vrutok
MK,C1,Zajas
MK,C2,Zelenikovo
MK,C3,Zelino
MK,C4,Zitose
MK,C5,Zletovo
MK,C6,Zrnovci
ML,1,Bamako
ML,3,Kayes
ML,4,Mopti
ML,5,Segou
ML,6,Sikasso
ML,7,Koulikoro
ML,8,Tombouctou
ML,9,Gao
ML,10,Kidal
MM,1,Rakhine State
MM,2,Chin State
MM,3,Irrawaddy
MM,4,Kachin State
MM,5,Karan State
MM,6,Kayah State
MM,7,Magwe
MM,8,Mandalay
MM,9,Pegu
MM,10,Sagaing
MM,11,Shan State
MM,12,Tenasserim
MM,13,Mon State
MM,14,Rangoon
MM,17,Yangon
MN,1,Arhangay
MN,2,Bayanhongor
MN,3,Bayan-Olgiy
MN,5,Darhan
MN,6,Dornod
MN,7,Dornogovi
MN,8,Dundgovi
MN,9,Dzavhan
MN,10,Govi-Altay
MN,11,Hentiy
MN,12,Hovd
MN,13,Hovsgol
MN,14,Omnogovi
MN,15,Ovorhangay
MN,16,Selenge
MN,17,Suhbaatar
MN,18,Tov
MN,19,Uvs
MN,20,Ulaanbaatar
MN,21,Bulgan
MN,22,Erdenet
MN,23,Darhan-Uul
MN,24,Govisumber
MN,25,Orhon
MO,1,Ilhas
MO,2,Macau
MR,1,Hodh Ech Chargui
MR,2,Hodh El Gharbi
MR,3,Assaba
MR,4,Gorgol
MR,5,Brakna
MR,6,Trarza
MR,7,Adrar
MR,8,Dakhlet Nouadhibou
MR,9,Tagant
MR,10,Guidimaka
MR,11,Tiris Zemmour
MR,12,Inchiri
MS,1,Saint Anthony
MS,2,Saint Georges
MS,3,Saint Peter
MU,12,Black River
MU,13,Flacq
MU,14,Grand Port
MU,15,Moka
MU,16,Pamplemousses
MU,17,Plaines Wilhems
MU,18,Port Louis
MU,19,Riviere du Rempart
MU,20,Savanne
MU,21,Agalega Islands
MU,22,Cargados Carajos
MU,23,Rodrigues
MV,1,Seenu
MV,5,Laamu
MV,30,Alifu
MV,31,Baa
MV,32,Dhaalu
MV,33,Faafu 
MV,34,Gaafu Alifu
MV,35,Gaafu Dhaalu
MV,36,Haa Alifu
MV,37,Haa Dhaalu
MV,38,Kaafu
MV,39,Lhaviyani
MV,40,Maale
MV,41,Meemu
MV,42,Gnaviyani
MV,43,Noonu
MV,44,Raa
MV,45,Shaviyani
MV,46,Thaa
MV,47,Vaavu
MW,2,Chikwawa
MW,3,Chiradzulu
MW,4,Chitipa
MW,5,Thyolo
MW,6,Dedza
MW,7,Dowa
MW,8,Karonga
MW,9,Kasungu
MW,11,Lilongwe
MW,12,Mangochi
MW,13,Mchinji
MW,15,Mzimba
MW,16,Ntcheu
MW,17,Nkhata Bay
MW,18,Nkhotakota
MW,19,Nsanje
MW,20,Ntchisi
MW,21,Rumphi
MW,22,Salima
MW,23,Zomba
MW,24,Blantyre
MW,25,Mwanza
MW,26,Balaka
MW,27,Likoma
MW,28,Machinga
MW,29,Mulanje
MW,30,Phalombe
MX,1,Aguascalientes
MX,2,Baja California
MX,3,Baja California Sur
MX,4,Campeche
MX,5,Chiapas
MX,6,Chihuahua
MX,7,Coahuila de Zaragoza
MX,8,Colima
MX,9,Distrito Federal
MX,10,Durango
MX,11,Guanajuato
MX,12,Guerrero
MX,13,Hidalgo
MX,14,Jalisco
MX,15,Mexico
MX,16,Michoacan de Ocampo
MX,17,Morelos
MX,18,Nayarit
MX,19,Nuevo Leon
MX,20,Oaxaca
MX,21,Puebla
MX,22,Queretaro de Arteaga
MX,23,Quintana Roo
MX,24,San Luis Potosi
MX,25,Sinaloa
MX,26,Sonora
MX,27,Tabasco
MX,28,Tamaulipas
MX,29,Tlaxcala
MX,30,Veracruz-Llave
MX,31,Yucatan
MX,32,Zacatecas
MY,1,Johor
MY,2,Kedah
MY,3,Kelantan
MY,4,Melaka
MY,5,Negeri Sembilan
MY,6,Pahang
MY,7,Perak
MY,8,Perlis
MY,9,Pulau Pinang
MY,11,Sarawak
MY,12,Selangor
MY,13,Terengganu
MY,14,Kuala Lumpur
MY,15,Labuan
MY,16,Sabah
MY,17,Putrajaya
MZ,1,Cabo Delgado
MZ,2,Gaza
MZ,3,Inhambane
MZ,4,Maputo
MZ,5,Sofala
MZ,6,Nampula
MZ,7,Niassa
MZ,8,Tete
MZ,9,Zambezia
MZ,10,Manica
MZ,11,Maputo
NA,1,Bethanien
NA,2,Caprivi Oos
NA,3,Boesmanland
NA,4,Gobabis
NA,5,Grootfontein
NA,6,Kaokoland
NA,7,Karibib
NA,8,Keetmanshoop
NA,9,Luderitz
NA,10,Maltahohe
NA,11,Okahandja
NA,12,Omaruru
NA,13,Otjiwarongo
NA,14,Outjo
NA,15,Owambo
NA,16,Rehoboth
NA,17,Swakopmund
NA,18,Tsumeb
NA,20,Karasburg
NA,21,Windhoek
NA,22,Damaraland
NA,23,Hereroland Oos
NA,24,Hereroland Wes
NA,25,Kavango
NA,26,Mariental
NA,27,Namaland
NA,28,Caprivi
NA,29,Erongo
NA,30,Hardap
NA,31,Karas
NA,32,Kunene
NA,33,Ohangwena
NA,34,Okavango
NA,35,Omaheke
NA,36,Omusati
NA,37,Oshana
NA,38,Oshikoto
NA,39,Otjozondjupa
NE,1,Agadez
NE,2,Diffa
NE,3,Dosso
NE,4,Maradi
NE,5,Niamey
NE,6,Tahoua
NE,7,Zinder
NE,8,Niamey
NG,5,Lagos
NG,11,Federal Capital Territory
NG,16,Ogun
NG,21,Akwa Ibom
NG,22,Cross River
NG,23,Kaduna
NG,24,Katsina
NG,25,Anambra
NG,26,Benue
NG,27,Borno
NG,28,Imo
NG,29,Kano
NG,30,Kwara
NG,31,Niger
NG,32,Oyo
NG,35,Adamawa
NG,36,Delta
NG,37,Edo
NG,39,Jigawa
NG,40,Kebbi
NG,41,Kogi
NG,42,Osun
NG,43,Taraba
NG,44,Yobe
NG,45,Abia
NG,46,Bauchi
NG,47,Enugu
NG,48,Ondo
NG,49,Plateau
NG,50,Rivers
NG,51,Sokoto
NG,52,Bayelsa
NG,53,Ebonyi
NG,54,Ekiti
NG,55,Gombe
NG,56,Nassarawa
NG,57,Zamfara
NI,1,Boaco
NI,2,Carazo
NI,3,Chinandega
NI,4,Chontales
NI,5,Esteli
NI,6,Granada
NI,7,Jinotega
NI,8,Leon
NI,9,Madriz
NI,10,Managua
NI,11,Masaya
NI,12,Matagalpa
NI,13,Nueva Segovia
NI,14,Rio San Juan
NI,15,Rivas
NI,16,Zelaya
NI,17,Autonoma Atlantico Norte
NI,18,Region Autonoma Atlantico Sur
NL,1,Drenthe
NL,2,Friesland
NL,3,Gelderland
NL,4,Groningen
NL,5,Limburg
NL,6,Noord-Brabant
NL,7,Noord-Holland
NL,9,Utrecht
NL,10,Zeeland
NL,11,Zuid-Holland
NL,15,Overijssel
NL,16,Flevoland
NO,1,Akershus
NO,2,Aust-Agder
NO,4,Buskerud
NO,5,Finnmark
NO,6,Hedmark
NO,7,Hordaland
NO,8,More og Romsdal
NO,9,Nordland
NO,10,Nord-Trondelag
NO,11,Oppland
NO,12,Oslo
NO,13,Ostfold
NO,14,Rogaland
NO,15,Sogn og Fjordane
NO,16,Sor-Trondelag
NO,17,Telemark
NO,18,Troms
NO,19,Vest-Agder
NO,20,Vestfold
NP,1,Bagmati
NP,2,Bheri
NP,3,Dhawalagiri
NP,4,Gandaki
NP,5,Janakpur
NP,6,Karnali
NP,7,Kosi
NP,8,Lumbini
NP,9,Mahakali
NP,10,Mechi
NP,11,Narayani
NP,12,Rapti
NP,13,Sagarmatha
NP,14,Seti
NR,1,Aiwo
NR,2,Anabar
NR,3,Anetan
NR,4,Anibare
NR,5,Baiti
NR,6,Boe
NR,7,Buada
NR,8,Denigomodu
NR,9,Ewa
NR,10,Ijuw
NR,11,Meneng
NR,12,Nibok
NR,13,Uaboe
NR,14,Yaren
NZ,10,Chatham Islands
NZ,E7,Auckland
NZ,E8,Bay of Plenty
NZ,E9,Canterbury
NZ,F1,Gisborne
NZ,F2,Hawke's Bay
NZ,F3,Manawatu-Wanganui
NZ,F4,Marlborough
NZ,F5,Nelson
NZ,F6,Northland
NZ,F7,Otago
NZ,F8,Southland
NZ,F9,Taranaki
NZ,G1,Waikato
NZ,G2,Wellington
NZ,G3,West Coast
OM,1,Ad Dakhiliyah
OM,2,Al Batinah
OM,3,Al Wusta
OM,4,Ash Sharqiyah
OM,5,Az Zahirah
OM,6,Masqat
OM,7,Musandam
OM,8,Zufar
PA,1,Bocas del Toro
PA,2,Chiriqui
PA,3,Cocle
PA,4,Colon
PA,5,Darien
PA,6,Herrera
PA,7,Los Santos
PA,8,Panama
PA,9,San Blas
PA,10,Veraguas
PE,1,Amazonas
PE,2,Ancash
PE,3,Apurimac
PE,4,Arequipa
PE,5,Ayacucho
PE,6,Cajamarca
PE,7,Callao
PE,8,Cusco
PE,9,Huancavelica
PE,10,Huanuco
PE,11,Ica
PE,12,Junin
PE,13,La Libertad
PE,14,Lambayeque
PE,15,Lima
PE,16,Loreto
PE,17,Madre de Dios
PE,18,Moquegua
PE,19,Pasco
PE,20,Piura
PE,21,Puno
PE,22,San Martin
PE,23,Tacna
PE,24,Tumbes
PE,25,Ucayali
PG,1,Central
PG,2,Gulf
PG,3,Milne Bay
PG,4,Northern
PG,5,Southern Highlands
PG,6,Western
PG,7,North Solomons
PG,8,Chimbu
PG,9,Eastern Highlands
PG,10,East New Britain
PG,11,East Sepik
PG,12,Madang
PG,13,Manus
PG,14,Morobe
PG,15,New Ireland
PG,16,Western Highlands
PG,17,West New Britain
PG,18,Sandaun
PG,19,Enga
PG,20,National Capital
PH,1,Abra
PH,2,Agusan del Norte
PH,3,Agusan del Sur
PH,4,Aklan
PH,5,Albay
PH,6,Antique
PH,7,Bataan
PH,8,Batanes
PH,9,Batangas
PH,10,Benguet
PH,11,Bohol
PH,12,Bukidnon
PH,13,Bulacan
PH,14,Cagayan
PH,15,Camarines Norte
PH,16,Camarines Sur
PH,17,Camiguin
PH,18,Capiz
PH,19,Catanduanes
PH,20,Cavite
PH,21,Cebu
PH,22,Basilan
PH,23,Eastern Samar
PH,24,Davao
PH,25,Davao del Sur
PH,26,Davao Oriental
PH,27,Ifugao
PH,28,Ilocos Norte
PH,29,Ilocos Sur
PH,30,Iloilo
PH,31,Isabela
PH,32,Kalinga-Apayao
PH,33,Laguna
PH,34,Lanao del Norte
PH,35,Lanao del Sur
PH,36,La Union
PH,37,Leyte
PH,38,Marinduque
PH,39,Masbate
PH,40,Mindoro Occidental
PH,41,Mindoro Oriental
PH,42,Misamis Occidental
PH,43,Misamis Oriental
PH,44,Mountain
PH,45,Negros Occidental
PH,46,Negros Oriental
PH,47,Nueva Ecija
PH,48,Nueva Vizcaya
PH,49,Palawan
PH,50,Pampanga
PH,51,Pangasinan
PH,53,Rizal
PH,54,Romblon
PH,55,Samar
PH,56,Maguindanao
PH,57,North Cotabato
PH,58,Sorsogon
PH,59,Southern Leyte
PH,60,Sulu
PH,61,Surigao del Norte
PH,62,Surigao del Sur
PH,63,Tarlac
PH,64,Zambales
PH,65,Zamboanga del Norte
PH,66,Zamboanga del Sur
PH,67,Northern Samar
PH,68,Quirino
PH,69,Siquijor
PH,70,South Cotabato
PH,71,Sultan Kudarat
PH,72,Tawitawi
PH,A1,Angeles
PH,A2,Bacolod
PH,A3,Bago
PH,A4,Baguio
PH,A5,Bais
PH,A6,Basilan City
PH,A7,Batangas City
PH,A8,Butuan
PH,A9,Cabanatuan
PH,B1,Cadiz
PH,B2,Cagayan de Oro
PH,B3,Calbayog
PH,B4,Caloocan
PH,B5,Canlaon
PH,B6,Cavite City
PH,B7,Cebu City
PH,B8,Cotabato
PH,B9,Dagupan
PH,C1,Danao
PH,C2,Dapitan
PH,C3,Davao City
PH,C4,Dipolog
PH,C5,Dumaguete
PH,C6,General Santos
PH,C7,Gingoog
PH,C8,Iligan
PH,C9,Iloilo City
PH,D1,Iriga
PH,D2,La Carlota
PH,D3,Laoag
PH,D4,Lapu-Lapu
PH,D5,Legaspi
PH,D6,Lipa
PH,D7,Lucena
PH,D8,Mandaue
PH,D9,Manila
PH,E1,Marawi
PH,E2,Naga
PH,E3,Olongapo
PH,E4,Ormoc
PH,E5,Oroquieta
PH,E6,Ozamis
PH,E7,Pagadian
PH,E8,Palayan
PH,E9,Pasay
PH,F1,Puerto Princesa
PH,F2,Quezon City
PH,F3,Roxas
PH,F4,San Carlos
PH,F5,San Carlos
PH,F6,San Jose
PH,F7,San Pablo
PH,F8,Silay
PH,F9,Surigao
PH,G1,Tacloban
PH,G2,Tagaytay
PH,G3,Tagbilaran
PH,G4,Tangub
PH,G5,Toledo
PH,G6,Trece Martires
PH,G7,Zamboanga
PH,G8,Aurora
PH,H2,Quezon
PH,H3,Negros Occidental
PK,1,Federally Administered Tribal Areas
PK,2,Balochistan
PK,3,North-West Frontier
PK,4,Punjab
PK,5,Sindh
PK,6,Azad Kashmir
PK,7,Northern Areas
PK,8,Islamabad
PL,72,Dolnoslaskie
PL,73,Kujawsko-Pomorskie
PL,74,Lodzkie
PL,75,Lubelskie
PL,76,Lubuskie
PL,77,Malopolskie
PL,78,Mazowieckie
PL,79,Opolskie
PL,80,Podkarpackie
PL,81,Podlaskie
PL,82,Pomorskie
PL,83,Slaskie
PL,84,Swietokrzyskie
PL,85,Warminsko-Mazurskie
PL,86,Wielkopolskie
PL,87,Zachodniopomorskie
PS,GZ,Gaza
PS,WE,West Bank
PT,2,Aveiro
PT,3,Beja
PT,4,Braga
PT,5,Braganca
PT,6,Castelo Branco
PT,7,Coimbra
PT,8,Evora
PT,9,Faro
PT,10,Madeira
PT,11,Guarda
PT,13,Leiria
PT,14,Lisboa
PT,16,Portalegre
PT,17,Porto
PT,18,Santarem
PT,19,Setubal
PT,20,Viana do Castelo
PT,21,Vila Real
PT,22,Viseu
PT,23,Azores
PY,1,Alto Parana
PY,2,Amambay
PY,3,Boqueron
PY,4,Caaguazu
PY,5,Caazapa
PY,6,Central
PY,7,Concepcion
PY,8,Cordillera
PY,10,Guaira
PY,11,Itapua
PY,12,Misiones
PY,13,Neembucu
PY,15,Paraguari
PY,16,Presidente Hayes
PY,17,San Pedro
PY,19,Canindeyu
PY,20,Chaco
PY,21,Nueva Asuncion
PY,23,Alto Paraguay
QA,1,Ad Dawhah
QA,2,Al Ghuwariyah
QA,3,Al Jumaliyah
QA,4,Al Khawr
QA,5,Al Wakrah Municipality
QA,6,Ar Rayyan
QA,8,Madinat ach Shamal
QA,9,Umm Salal
QA,10,Al Wakrah
QA,11,Jariyan al Batnah
QA,12,Umm Sa'id
RO,1,Alba
RO,2,Arad
RO,3,Arges
RO,4,Bacau
RO,5,Bihor
RO,6,Bistrita-Nasaud
RO,7,Botosani
RO,8,Braila
RO,9,Brasov
RO,10,Bucuresti
RO,11,Buzau
RO,12,Caras-Severin
RO,13,Cluj
RO,14,Constanta
RO,15,Covasna
RO,16,Dambovita
RO,17,Dolj
RO,18,Galati
RO,19,Gorj
RO,20,Harghita
RO,21,Hunedoara
RO,22,Ialomita
RO,23,Iasi
RO,25,Maramures
RO,26,Mehedinti
RO,27,Mures
RO,28,Neamt
RO,29,Olt
RO,30,Prahova
RO,31,Salaj
RO,32,Satu Mare
RO,33,Sibiu
RO,34,Suceava
RO,35,Teleorman
RO,36,Timis
RO,37,Tulcea
RO,38,Vaslui
RO,39,Valcea
RO,40,Vrancea
RO,41,Calarasi
RO,42,Giurgiu
RO,43,Ilfov
RS,1,Kosovo
RS,2,Vojvodina
RU,1,Adygeya
RU,2,Aginsky Buryatsky AO
RU,3,Gorno-Altay
RU,4,Altaisky krai
RU,5,Amur
RU,6,Arkhangel'sk
RU,7,Astrakhan'
RU,8,Bashkortostan
RU,9,Belgorod
RU,10,Bryansk
RU,11,Buryat
RU,12,Chechnya
RU,13,Chelyabinsk
RU,14,Chita
RU,15,Chukot
RU,16,Chuvashia
RU,17,Dagestan
RU,18,Evenk
RU,19,Ingush
RU,20,Irkutsk
RU,21,Ivanovo
RU,22,Kabardin-Balkar
RU,23,Kaliningrad
RU,24,Kalmyk
RU,25,Kaluga
RU,26,Kamchatka
RU,27,Karachay-Cherkess
RU,28,Karelia
RU,29,Kemerovo
RU,30,Khabarovsk
RU,31,Khakass
RU,32,Khanty-Mansiy
RU,33,Kirov
RU,34,Komi
RU,35,Komi-Permyak
RU,36,Koryak
RU,37,Kostroma
RU,38,Krasnodar
RU,39,Krasnoyarsk
RU,40,Kurgan
RU,41,Kursk
RU,42,Leningrad
RU,43,Lipetsk
RU,44,Magadan
RU,45,Mariy-El
RU,46,Mordovia
RU,47,Moskva
RU,48,Moscow City
RU,49,Murmansk
RU,50,Nenets
RU,51,Nizhegorod
RU,52,Novgorod
RU,53,Novosibirsk
RU,54,Omsk
RU,55,Orenburg
RU,56,Orel
RU,57,Penza
RU,58,Perm'
RU,59,Primor'ye
RU,60,Pskov
RU,61,Rostov
RU,62,Ryazan'
RU,63,Sakha
RU,64,Sakhalin
RU,65,Samara
RU,66,Saint Petersburg City
RU,67,Saratov
RU,68,North Ossetia
RU,69,Smolensk
RU,70,Stavropol'
RU,71,Sverdlovsk
RU,72,Tambovskaya oblast
RU,73,Tatarstan
RU,74,Taymyr
RU,75,Tomsk
RU,76,Tula
RU,77,Tver'
RU,78,Tyumen'
RU,79,Tuva
RU,80,Udmurt
RU,81,Ul'yanovsk
RU,82,Ust-Orda Buryat
RU,83,Vladimir
RU,84,Volgograd
RU,85,Vologda
RU,86,Voronezh
RU,87,Yamal-Nenets
RU,88,Yaroslavl'
RU,89,Yevrey
RU,90,Permskiy Kray
RU,91,Krasnoyarskiy Kray
RU,CI,Chechnya Republic
RW,1,Butare
RW,6,Gitarama
RW,7,Kibungo
RW,9,Kigali
RW,11,Est
RW,12,Kigali
RW,13,Nord
RW,14,Ouest
RW,15,Sud
SA,2,Al Bahah
SA,3,Al Jawf
SA,5,Al Madinah
SA,6,Ash Sharqiyah
SA,8,Al Qasim
SA,9,Al Qurayyat
SA,10,Ar Riyad
SA,13,Ha'il
SA,14,Makkah
SA,15,Al Hudud ash Shamaliyah
SA,16,Najran
SA,17,Jizan
SA,19,Tabuk
SA,20,Al Jawf
SB,3,Malaita
SB,6,Guadalcanal
SB,7,Isabel
SB,8,Makira
SB,9,Temotu
SB,10,Central
SB,11,Western
SB,12,Choiseul
SB,13,Rennell and Bellona
SC,1,Anse aux Pins
SC,2,Anse Boileau
SC,3,Anse Etoile
SC,4,Anse Louis
SC,5,Anse Royale
SC,6,Baie Lazare
SC,7,Baie Sainte Anne
SC,8,Beau Vallon
SC,9,Bel Air
SC,10,Bel Ombre
SC,11,Cascade
SC,12,Glacis
SC,13,Grand' Anse
SC,14,Grand' Anse
SC,15,La Digue
SC,16,La Riviere Anglaise
SC,17,Mont Buxton
SC,18,Mont Fleuri
SC,19,Plaisance
SC,20,Pointe La Rue
SC,21,Port Glaud
SC,22,Saint Louis
SC,23,Takamaka
SD,27,Al Wusta
SD,28,Al Istiwa'iyah
SD,29,Al Khartum
SD,30,Ash Shamaliyah
SD,31,Ash Sharqiyah
SD,32,Bahr al Ghazal
SD,33,Darfur
SD,34,Kurdufan
SD,35,Upper Nile
SD,40,Al Wahadah State
SD,44,Central Equatoria State
SE,2,Blekinge Lan
SE,3,Gavleborgs Lan
SE,5,Gotlands Lan
SE,6,Hallands Lan
SE,7,Jamtlands Lan
SE,8,Jonkopings Lan
SE,9,Kalmar Lan
SE,10,Dalarnas Lan
SE,12,Kronobergs Lan
SE,14,Norrbottens Lan
SE,15,Orebro Lan
SE,16,Ostergotlands Lan
SE,18,Sodermanlands Lan
SE,21,Uppsala Lan
SE,22,Varmlands Lan
SE,23,Vasterbottens Lan
SE,24,Vasternorrlands Lan
SE,25,Vastmanlands Lan
SE,26,Stockholms Lan
SE,27,Skane Lan
SE,28,Vastra Gotaland
SH,1,Ascension
SH,2,Saint Helena
SH,3,Tristan da Cunha
SI,1,Ajdovscina
SI,2,Beltinci
SI,3,Bled
SI,4,Bohinj
SI,5,Borovnica
SI,6,Bovec
SI,7,Brda
SI,8,Brezice
SI,9,Brezovica
SI,11,Celje
SI,12,Cerklje na Gorenjskem
SI,13,Cerknica
SI,14,Cerkno
SI,15,Crensovci
SI,16,Crna na Koroskem
SI,17,Crnomelj
SI,19,Divaca
SI,20,Dobrepolje
SI,22,Dol pri Ljubljani
SI,24,Dornava
SI,25,Dravograd
SI,26,Duplek
SI,27,Gorenja Vas-Poljane
SI,28,Gorisnica
SI,29,Gornja Radgona
SI,30,Gornji Grad
SI,31,Gornji Petrovci
SI,32,Grosuplje
SI,34,Hrastnik
SI,35,Hrpelje-Kozina
SI,36,Idrija
SI,37,Ig
SI,38,Ilirska Bistrica
SI,39,Ivancna Gorica
SI,40,Izola-Isola
SI,42,Jursinci
SI,44,Kanal
SI,45,Kidricevo
SI,46,Kobarid
SI,47,Kobilje
SI,49,Komen
SI,50,Koper-Capodistria
SI,51,Kozje
SI,52,Kranj
SI,53,Kranjska Gora
SI,54,Krsko
SI,55,Kungota
SI,57,Lasko
SI,61,Ljubljana
SI,62,Ljubno
SI,64,Logatec
SI,66,Loski Potok
SI,68,Lukovica
SI,71,Medvode
SI,72,Menges
SI,73,Metlika
SI,74,Mezica
SI,76,Mislinja
SI,77,Moravce
SI,78,Moravske Toplice
SI,79,Mozirje
SI,80,Murska Sobota
SI,81,Muta
SI,82,Naklo
SI,83,Nazarje
SI,84,Nova Gorica
SI,86,Odranci
SI,87,Ormoz
SI,88,Osilnica
SI,89,Pesnica
SI,91,Pivka
SI,92,Podcetrtek
SI,94,Postojna
SI,97,Puconci
SI,98,Racam
SI,99,Radece
SI,A1,Radenci
SI,A2,Radlje ob Dravi
SI,A3,Radovljica
SI,A6,Rogasovci
SI,A7,Rogaska Slatina
SI,A8,Rogatec
SI,B1,Semic
SI,B2,Sencur
SI,B3,Sentilj
SI,B4,Sentjernej
SI,B6,Sevnica
SI,B7,Sezana
SI,B8,Skocjan
SI,B9,Skofja Loka
SI,C1,Skofljica
SI,C2,Slovenj Gradec
SI,C4,Slovenske Konjice
SI,C5,Smarje pri Jelsah
SI,C6,Smartno ob Paki
SI,C7,Sostanj
SI,C8,Starse
SI,C9,Store
SI,D1,Sveti Jurij
SI,D2,Tolmin
SI,D3,Trbovlje
SI,D4,Trebnje
SI,D5,Trzic
SI,D6,Turnisce
SI,D7,Velenje
SI,D8,Velike Lasce
SI,E1,Vipava
SI,E2,Vitanje
SI,E3,Vodice
SI,E5,Vrhnika
SI,E6,Vuzenica
SI,E7,Zagorje ob Savi
SI,E9,Zavrc
SI,F1,Zelezniki
SI,F2,Ziri
SI,F3,Zrece
SI,G4,Dobrova-Horjul-Polhov Gradec
SI,G7,Domzale
SI,H4,Jesenice
SI,H6,Kamnik
SI,H7,Kocevje
SI,I2,Kuzma
SI,I3,Lenart
SI,I5,Litija
SI,I6,Ljutomer
SI,I7,Loska Dolina
SI,I9,Luce
SI,J1,Majsperk
SI,J2,Maribor
SI,J5,Miren-Kostanjevica
SI,J7,Novo Mesto
SI,J9,Piran
SI,K5,Preddvor
SI,K7,Ptuj
SI,L1,Ribnica
SI,L3,Ruse
SI,L7,Sentjur pri Celju
SI,L8,Slovenska Bistrica
SI,N2,Videm
SI,N3,Vojnik
SI,N5,Zalec
SK,1,Banska Bystrica
SK,2,Bratislava
SK,3,Kosice
SK,4,Nitra
SK,5,Presov
SK,6,Trencin
SK,7,Trnava
SK,8,Zilina
SL,1,Eastern
SL,2,Northern
SL,3,Southern
SL,4,Western Area
SM,1,Acquaviva
SM,2,Chiesanuova
SM,3,Domagnano
SM,4,Faetano
SM,5,Fiorentino
SM,6,Borgo Maggiore
SM,7,San Marino
SM,8,Monte Giardino
SM,9,Serravalle
SN,1,Dakar
SN,3,Diourbel
SN,5,Tambacounda
SN,7,Thies
SN,9,Fatick
SN,10,Kaolack
SN,11,Kolda
SN,12,Ziguinchor
SN,13,Louga
SN,14,Saint-Louis
SN,15,Matam
SO,1,Bakool
SO,2,Banaadir
SO,3,Bari
SO,4,Bay
SO,5,Galguduud
SO,6,Gedo
SO,7,Hiiraan
SO,8,Jubbada Dhexe
SO,9,Jubbada Hoose
SO,10,Mudug
SO,11,Nugaal
SO,12,Sanaag
SO,13,Shabeellaha Dhexe
SO,14,Shabeellaha Hoose
SO,16,Woqooyi Galbeed
SO,18,Nugaal
SO,19,Togdheer
SO,20,Woqooyi Galbeed
SO,21,Awdal
SO,22,Sool
SR,10,Brokopondo
SR,11,Commewijne
SR,12,Coronie
SR,13,Marowijne
SR,14,Nickerie
SR,15,Para
SR,16,Paramaribo
SR,17,Saramacca
SR,18,Sipaliwini
SR,19,Wanica
ST,1,Principe
ST,2,Sao Tome
SV,1,Ahuachapan
SV,2,Cabanas
SV,3,Chalatenango
SV,4,Cuscatlan
SV,5,La Libertad
SV,6,La Paz
SV,7,La Union
SV,8,Morazan
SV,9,San Miguel
SV,10,San Salvador
SV,11,Santa Ana
SV,12,San Vicente
SV,13,Sonsonate
SV,14,Usulutan
SY,1,Al Hasakah
SY,2,Al Ladhiqiyah
SY,3,Al Qunaytirah
SY,4,Ar Raqqah
SY,5,As Suwayda'
SY,6,Dar
SY,7,Dayr az Zawr
SY,8,Rif Dimashq
SY,9,Halab
SY,10,Hamah
SY,11,Hims
SY,12,Idlib
SY,13,Dimashq
SY,14,Tartus
SZ,1,Hhohho
SZ,2,Lubombo
SZ,3,Manzini
SZ,4,Shiselweni
SZ,5,Praslin
TD,1,Batha
TD,2,Biltine
TD,3,Borkou-Ennedi-Tibesti
TD,4,Chari-Baguirmi
TD,5,Guera
TD,6,Kanem
TD,7,Lac
TD,8,Logone Occidental
TD,9,Logone Oriental
TD,10,Mayo-Kebbi
TD,11,Moyen-Chari
TD,12,Ouaddai
TD,13,Salamat
TD,14,Tandjile
TG,22,Centrale
TG,23,Kara
TG,24,Maritime
TG,25,Plateaux
TG,26,Savanes
TH,1,Mae Hong Son
TH,2,Chiang Mai
TH,3,Chiang Rai
TH,4,Nan
TH,5,Lamphun
TH,6,Lampang
TH,7,Phrae
TH,8,Tak
TH,9,Sukhothai
TH,10,Uttaradit
TH,11,Kamphaeng Phet
TH,12,Phitsanulok
TH,13,Phichit
TH,14,Phetchabun
TH,15,Uthai Thani
TH,16,Nakhon Sawan
TH,17,Nong Khai
TH,18,Loei
TH,20,Sakon Nakhon
TH,21,Nakhon Phanom
TH,22,Khon Kaen
TH,23,Kalasin
TH,24,Maha Sarakham
TH,25,Roi Et
TH,26,Chaiyaphum
TH,27,Nakhon Ratchasima
TH,28,Buriram
TH,29,Surin
TH,30,Sisaket
TH,31,Narathiwat
TH,32,Chai Nat
TH,33,Sing Buri
TH,34,Lop Buri
TH,35,Ang Thong
TH,36,Phra Nakhon Si Ayutthaya
TH,37,Saraburi
TH,38,Nonthaburi
TH,39,Pathum Thani
TH,40,Krung Thep
TH,41,Phayao
TH,42,Samut Prakan
TH,43,Nakhon Nayok
TH,44,Chachoengsao
TH,45,Prachin Buri
TH,46,Chon Buri
TH,47,Rayong
TH,48,Chanthaburi
TH,49,Trat
TH,50,Kanchanaburi
TH,51,Suphan Buri
TH,52,Ratchaburi
TH,53,Nakhon Pathom
TH,54,Samut Songkhram
TH,55,Samut Sakhon
TH,56,Phetchaburi
TH,57,Prachuap Khiri Khan
TH,58,Chumphon
TH,59,Ranong
TH,60,Surat Thani
TH,61,Phangnga
TH,62,Phuket
TH,63,Krabi
TH,64,Nakhon Si Thammarat
TH,65,Trang
TH,66,Phatthalung
TH,67,Satun
TH,68,Songkhla
TH,69,Pattani
TH,70,Yala
TH,71,Ubon Ratchathani
TH,72,Yasothon
TH,73,Nakhon Phanom
TH,75,Ubon Ratchathani
TH,76,Udon Thani
TH,77,Amnat Charoen
TH,78,Mukdahan
TH,79,Nong Bua Lamphu
TH,80,Sa Kaeo
TJ,1,Kuhistoni Badakhshon
TJ,2,Khatlon
TJ,3,Sughd
TM,1,Ahal
TM,2,Balkan
TM,3,Dashoguz
TM,4,Lebap
TM,5,Mary
TN,2,Kasserine
TN,3,Kairouan
TN,6,Jendouba
TN,10,Qafsah
TN,14,El Kef
TN,15,Al Mahdia
TN,16,Al Munastir
TN,17,Bajah
TN,18,Bizerte
TN,19,Nabeul
TN,22,Siliana
TN,23,Sousse
TN,27,Ben Arous
TN,28,Madanin
TN,29,Gabes
TN,31,Kebili
TN,32,Sfax
TN,33,Sidi Bou Zid
TN,34,Tataouine
TN,35,Tozeur
TN,36,Tunis
TN,37,Zaghouan
TN,38,Aiana
TN,39,Manouba
TO,1,Ha
TO,2,Tongatapu
TO,3,Vava
TR,2,Adiyaman
TR,3,Afyonkarahisar
TR,4,Agri
TR,5,Amasya
TR,7,Antalya
TR,8,Artvin
TR,9,Aydin
TR,10,Balikesir
TR,11,Bilecik
TR,12,Bingol
TR,13,Bitlis
TR,14,Bolu
TR,15,Burdur
TR,16,Bursa
TR,17,Canakkale
TR,19,Corum
TR,20,Denizli
TR,21,Diyarbakir
TR,22,Edirne
TR,23,Elazig
TR,24,Erzincan
TR,25,Erzurum
TR,26,Eskisehir
TR,28,Giresun
TR,31,Hatay
TR,32,Mersin
TR,33,Isparta
TR,34,Istanbul
TR,35,Izmir
TR,37,Kastamonu
TR,38,Kayseri
TR,39,Kirklareli
TR,40,Kirsehir
TR,41,Kocaeli
TR,43,Kutahya
TR,44,Malatya
TR,45,Manisa
TR,46,Kahramanmaras
TR,48,Mugla
TR,49,Mus
TR,50,Nevsehir
TR,52,Ordu
TR,53,Rize
TR,54,Sakarya
TR,55,Samsun
TR,57,Sinop
TR,58,Sivas
TR,59,Tekirdag
TR,60,Tokat
TR,61,Trabzon
TR,62,Tunceli
TR,63,Sanliurfa
TR,64,Usak
TR,65,Van
TR,66,Yozgat
TR,68,Ankara
TR,69,Gumushane
TR,70,Hakkari
TR,71,Konya
TR,72,Mardin
TR,73,Nigde
TR,74,Siirt
TR,75,Aksaray
TR,76,Batman
TR,77,Bayburt
TR,78,Karaman
TR,79,Kirikkale
TR,80,Sirnak
TR,81,Adana
TR,82,Cankiri
TR,83,Gaziantep
TR,84,Kars
TR,85,Zonguldak
TR,86,Ardahan
TR,87,Bartin
TR,88,Igdir
TR,89,Karabuk
TR,90,Kilis
TR,91,Osmaniye
TR,92,Yalova
TR,93,Duzce
TT,1,Arima
TT,2,Caroni
TT,3,Mayaro
TT,4,Nariva
TT,5,Port-of-Spain
TT,6,Saint Andrew
TT,7,Saint David
TT,8,Saint George
TT,9,Saint Patrick
TT,10,San Fernando
TT,11,Tobago
TT,12,Victoria
TW,1,Fu-chien
TW,2,Kao-hsiung
TW,3,T'ai-pei
TW,4,T'ai-wan
TZ,2,Pwani
TZ,3,Dodoma
TZ,4,Iringa
TZ,5,Kigoma
TZ,6,Kilimanjaro
TZ,7,Lindi
TZ,8,Mara
TZ,9,Mbeya
TZ,10,Morogoro
TZ,11,Mtwara
TZ,12,Mwanza
TZ,13,Pemba North
TZ,14,Ruvuma
TZ,15,Shinyanga
TZ,16,Singida
TZ,17,Tabora
TZ,18,Tanga
TZ,19,Kagera
TZ,20,Pemba South
TZ,21,Zanzibar Central
TZ,22,Zanzibar North
TZ,23,Dar es Salaam
TZ,24,Rukwa
TZ,25,Zanzibar Urban
TZ,26,Arusha
TZ,27,Manyara
UA,1,Cherkas'ka Oblast'
UA,2,Chernihivs'ka Oblast'
UA,3,Chernivets'ka Oblast'
UA,4,Dnipropetrovs'ka Oblast'
UA,5,Donets'ka Oblast'
UA,6,Ivano-Frankivs'ka Oblast'
UA,7,Kharkivs'ka Oblast'
UA,8,Khersons'ka Oblast'
UA,9,Khmel'nyts'ka Oblast'
UA,10,Kirovohrads'ka Oblast'
UA,11,Krym
UA,12,Kyyiv
UA,13,Kyyivs'ka Oblast'
UA,14,Luhans'ka Oblast'
UA,15,L'vivs'ka Oblast'
UA,16,Mykolayivs'ka Oblast'
UA,17,Odes'ka Oblast'
UA,18,Poltavs'ka Oblast'
UA,19,Rivnens'ka Oblast'
UA,20,Sevastopol'
UA,21,Sums'ka Oblast'
UA,22,Ternopil's'ka Oblast'
UA,23,Vinnyts'ka Oblast'
UA,24,Volyns'ka Oblast'
UA,25,Zakarpats'ka Oblast'
UA,26,Zaporiz'ka Oblast'
UA,27,Zhytomyrs'ka Oblast'
UG,26,Apac
UG,28,Bundibugyo
UG,29,Bushenyi
UG,30,Gulu
UG,31,Hoima
UG,33,Jinja
UG,36,Kalangala
UG,37,Kampala
UG,38,Kamuli
UG,39,Kapchorwa
UG,40,Kasese
UG,41,Kibale
UG,42,Kiboga
UG,43,Kisoro
UG,45,Kotido
UG,46,Kumi
UG,47,Lira
UG,50,Masindi
UG,52,Mbarara
UG,56,Mubende
UG,58,Nebbi
UG,59,Ntungamo
UG,60,Pallisa
UG,61,Rakai
UG,65,Adjumani
UG,66,Bugiri
UG,67,Busia
UG,69,Katakwi
UG,70,Luwero
UG,71,Masaka
UG,72,Moyo
UG,73,Nakasongola
UG,74,Sembabule
UG,76,Tororo
UG,77,Arua
UG,78,Iganga
UG,79,Kabarole
UG,80,Kaberamaido
UG,81,Kamwenge
UG,82,Kanungu
UG,83,Kayunga
UG,84,Kitgum
UG,85,Kyenjojo
UG,86,Mayuge
UG,87,Mbale
UG,88,Moroto
UG,89,Mpigi
UG,90,Mukono
UG,91,Nakapiripirit
UG,92,Pader
UG,93,Rukungiri
UG,94,Sironko
UG,95,Soroti
UG,96,Wakiso
UG,97,Yumbe
US,1,Alabama
US,2,Alaska
US,4,Arizona
US,5,Arkansas
US,6,California
US,8,Colorado
US,9,Connecticut
US,10,Delaware
US,11,District of Columbia
US,12,Florida
US,13,Georgia
US,15,Hawaii
US,16,Idaho
US,17,Illinois
US,18,Indiana
US,19,Iowa
US,20,Kansas
US,21,Kentucky
US,22,Louisiana
US,23,Maine
US,24,Maryland
US,25,Massachusetts
US,26,Michigan
US,27,Minnesota
US,28,Mississippi
US,29,Missouri
US,30,Montana
US,31,Nebraska
US,32,Nevada
US,33,New Hampshire
US,34,New Jersey
US,35,New Mexico
US,36,New York
US,37,North Carolina
US,38,North Dakota
US,39,Ohio
US,40,Oklahoma
US,41,Oregon
US,42,Pennsylvania
US,44,Rhode Island
US,45,South Carolina
US,46,South Dakota
US,47,Tennessee
US,48,Texas
US,49,Utah
US,50,Vermont
US,51,Virginia
US,53,Washington
US,54,West Virginia
US,55,Wisconsin
US,56,Wyoming
UY,1,Artigas
UY,2,Canelones
UY,3,Cerro Largo
UY,4,Colonia
UY,5,Durazno
UY,6,Flores
UY,7,Florida
UY,8,Lavalleja
UY,9,Maldonado
UY,10,Montevideo
UY,11,Paysandu
UY,12,Rio Negro
UY,13,Rivera
UY,14,Rocha
UY,15,Salto
UY,16,San Jose
UY,17,Soriano
UY,18,Tacuarembo
UY,19,Treinta y Tres
UZ,1,Andijon
UZ,2,Bukhoro
UZ,3,Farghona
UZ,4,Jizzakh
UZ,5,Khorazm
UZ,6,Namangan
UZ,7,Nawoiy
UZ,8,Qashqadaryo
UZ,9,Qoraqalpoghiston
UZ,10,Samarqand
UZ,11,Sirdaryo
UZ,12,Surkhondaryo
UZ,13,Toshkent
UZ,14,Toshkent
VC,1,Charlotte
VC,2,Saint Andrew
VC,3,Saint David
VC,4,Saint George
VC,5,Saint Patrick
VC,6,Grenadines
VE,1,Amazonas
VE,2,Anzoategui
VE,3,Apure
VE,4,Aragua
VE,5,Barinas
VE,6,Bolivar
VE,7,Carabobo
VE,8,Cojedes
VE,9,Delta Amacuro
VE,11,Falcon
VE,12,Guarico
VE,13,Lara
VE,14,Merida
VE,15,Miranda
VE,16,Monagas
VE,17,Nueva Esparta
VE,18,Portuguesa
VE,19,Sucre
VE,20,Tachira
VE,21,Trujillo
VE,22,Yaracuy
VE,23,Zulia
VE,24,Dependencias Federales
VE,25,Distrito Federal
VE,26,Vargas
VN,1,An Giang
VN,3,Ben Tre
VN,5,Cao Bang
VN,9,Dong Thap
VN,13,Hai Phong
VN,20,Ho Chi Minh
VN,21,Kien Giang
VN,23,Lam Dong
VN,24,Long An
VN,30,Quang Ninh
VN,32,Son La
VN,33,Tay Ninh
VN,34,Thanh Hoa
VN,35,Thai Binh
VN,37,Tien Giang
VN,39,Lang Son
VN,43,An Giang
VN,44,Dac Lac
VN,45,Dong Nai
VN,46,Dong Thap
VN,47,Kien Giang
VN,49,Song Be
VN,50,Vinh Phu
VN,51,Ha Noi
VN,52,Ho Chi Minh
VN,53,Ba Ria-Vung Tau
VN,54,Binh Dinh
VN,55,Binh Thuan
VN,58,Ha Giang
VN,59,Ha Tay
VN,60,Ha Tinh
VN,61,Hoa Binh
VN,62,Khanh Hoa
VN,63,Kon Tum
VN,64,Quang Tri
VN,65,Nam Ha
VN,66,Nghe An
VN,67,Ninh Binh
VN,68,Ninh Thuan
VN,69,Phu Yen
VN,70,Quang Binh
VN,71,Quang Ngai
VN,72,Quang Tri
VN,73,Soc Trang
VN,74,Thua Thien
VN,75,Tra Vinh
VN,76,Tuyen Quang
VN,77,Vinh Long
VN,78,Da Nang
VN,79,Hai Duong
VN,80,Ha Nam
VN,81,Hung Yen
VN,82,Nam Dinh
VN,83,Phu Tho
VN,84,Quang Nam
VN,85,Thai Nguyen
VN,86,Vinh Puc Province
VN,87,Can Tho
VN,88,Dak Lak
VN,89,Lai Chau
VN,90,Lao Cai
VN,91,Dak Nong
VN,92,Dien Bien
VN,93,Hau Giang
VU,5,Ambrym
VU,6,Aoba
VU,7,Torba
VU,8,Efate
VU,9,Epi
VU,10,Malakula
VU,11,Paama
VU,12,Pentecote
VU,13,Sanma
VU,14,Shepherd
VU,15,Tafea
VU,16,Malampa
VU,17,Penama
VU,18,Shefa
WS,2,Aiga-i-le-Tai
WS,3,Atua
WS,4,Fa
WS,5,Gaga
WS,6,Va
WS,7,Gagaifomauga
WS,8,Palauli
WS,9,Satupa
WS,10,Tuamasaga
WS,11,Vaisigano
YE,1,Abyan
YE,2,Adan
YE,3,Al Mahrah
YE,4,Hadramawt
YE,5,Shabwah
YE,6,Lahij
YE,7,Al Bayda'
YE,8,Al Hudaydah
YE,9,Al Jawf
YE,10,Al Mahwit
YE,11,Dhamar
YE,12,Hajjah
YE,13,Ibb
YE,14,Ma'rib
YE,15,Sa'dah
YE,16,San'a'
YE,17,Taizz
YE,18,Ad Dali
YE,19,Amran
YE,20,Al Bayda'
YE,21,Al Jawf
YE,22,Hajjah
YE,23,Ibb
YE,24,Lahij
YE,25,Taizz
ZA,1,North-Western Province
ZA,2,KwaZulu-Natal
ZA,3,Free State
ZA,5,Eastern Cape
ZA,6,Gauteng
ZA,7,Mpumalanga
ZA,8,Northern Cape
ZA,9,Limpopo
ZA,10,North-West
ZA,11,Western Cape
ZM,1,Western
ZM,2,Central
ZM,3,Eastern
ZM,4,Luapula
ZM,5,Northern
ZM,6,North-Western
ZM,7,Southern
ZM,8,Copperbelt
ZM,9,Lusaka
ZW,1,Manicaland
ZW,2,Midlands
ZW,3,Mashonaland Central
ZW,4,Mashonaland East
ZW,5,Mashonaland West
ZW,6,Matabeleland North
ZW,7,Matabeleland South
ZW,8,Masvingo
ZW,9,Bulawayo
ZW,10,Harare
